Truck Model (TM),Nominal Tonnage (tonnes) (NT),"Material Type (MAT),",Fixed Time(FH+EH),Variable Time (DT+Q+LT),"Number of loads (NL),",Cycle Distance (km) (CD),Production (t) (P)
KOMATSU HD785,84.8,Waste,7.5,5.1,39,2.6,3307.2
KOMATSU HD785,84.8,Waste,10,2.6,41,2.6,3476.8
KOMATSU HD785,84.8,Waste,9.9,2.7,6,4.2,508.8
KOMATSU HD785,84.8,Waste,9.1,3.5,4,4.8,339.2
KOMATSU HD785,84.8,High Grade,7.6,5,10,4.8,848
CAT 777F,84.8,Low Grade,9.7,2.9,8,0.8,678.4
CAT 785C,135.15,Waste,11,1.6,7,1.6,946.05
KOMATSU HD785,84.8,Waste,10,2.6,21,2.2,1780.8
KOMATSU HD785,84.8,Waste,10,2.6,44,2.3,3731.2
KOMATSU HD785,84.8,Waste,8.2,4.4,29,2.5,2459.2
KOMATSU HD785,84.8,Waste,7.7,4.9,46,2.5,3900.8
KOMATSU HD785,84.8,Waste,9.9,2.7,41,2.6,3476.8
KOMATSU HD785,84.8,High Grade,8.1,4.5,7,2.8,593.6
CAT 777F,84.8,Low Grade,4.3,8.3,1,2.9,84.8
CAT 785C,135.15,Waste,10.5,2.1,19,3,2567.85
KOMATSU HD785,84.8,Waste,9.8,2.8,38,3,3222.4
CAT 777E,84.8,Waste,8.9,3.7,24,3.4,2035.2
KOMATSU HD785,84.8,Waste,9.9,2.7,24,3.5,2035.2
CAT 777E,84.8,High Grade,10.3,2.3,4,3.8,339.2
CAT 777E,84.8,Waste,10.5,2.1,4,4.9,339.2
CAT 777E,84.8,High Grade,9.8,2.8,3,7.7,254.4
CAT 777F,84.8,High Grade,8.8,3.8,8,0.8,678.4
CAT 777E,84.8,Waste,9,3.6,3,2.4,254.4
KOMATSU HD785,84.8,Waste,10,2.6,41,2.6,3476.8
KOMATSU HD785,84.8,Waste,6.9,5.7,42,2.6,3561.6
CAT 777F,84.8,Waste,6.1,6.5,4,3.2,339.2
CAT 777F,84.8,Waste,6.7,5.9,13,3.3,1102.4
CAT 785C,135.15,Waste,9,3.6,7,3.8,946.05
CAT 777E,84.8,Waste,6.9,5.8,17,0.7,1441.6
CAT 777E,84.8,Waste,9.9,2.8,30,1.6,2544
CAT 777F,84.8,Low Grade,7.7,5,2,1.7,169.6
CAT 785C,135.15,Waste,10.3,2.4,4,1.7,540.6
CAT 777E,84.8,Waste,10.7,2,7,1.7,593.6
KOMATSU HD785,84.8,Waste,6.4,6.3,11,1.9,932.8
KOMATSU HD785,84.8,Waste,9.7,3,41,1.9,3476.8
CAT 777F,84.8,Waste,10.1,2.6,5,2.1,424
CAT 777E,84.8,Waste,10,2.7,2,2.6,169.6
KOMATSU HD785,84.8,Waste,9.5,3.2,43,2.6,3646.4
CAT 785C,135.15,Waste,10.5,2.2,17,2.9,2297.55
CAT 777F,84.8,Waste,9.5,3.2,29,3,2459.2
KOMATSU HD785,84.8,Waste,9.4,3.3,36,3.7,3052.8
KOMATSU HD785,84.8,High Grade,9,3.7,8,5.5,678.4
CAT 777E,84.8,Waste,9.2,3.5,4,2.1,339.2
CAT 777F,84.8,Waste,7.7,5,6,2.4,508.8
KOMATSU HD785,84.8,Waste,7.9,4.8,46,2.5,3900.8
CAT 777F,84.8,Waste,9.1,3.6,7,3.3,593.6
CAT 785C,135.15,Waste,11.2,1.5,8,3.3,1081.2
CAT 785C,135.15,Waste,8.5,4.2,7,3.8,946.05
CAT 777F,84.8,Low Grade,11.5,1.3,1,0.9,84.8
CAT 777F,84.8,Low Grade,7.5,5.3,1,2,84.8
CAT 777E,84.8,High Grade,11,1.8,2,2.2,169.6
KOMATSU HD785,84.8,Waste,10,2.8,44,2.3,3731.2
CAT 777F,84.8,Waste,9.1,3.7,3,0.8,254.4
CAT 777F,84.8,Waste,9.7,3.1,1,1.1,84.8
CAT 777E,84.8,High Grade,4.4,8.4,1,1.2,84.8
CAT 777F,84.8,Low Grade,8,4.8,11,1.6,932.8
KOMATSU HD785,84.8,Waste,9.7,3.1,43,2.1,3646.4
CAT 785C,135.15,Waste,11.1,1.7,8,2.4,1081.2
CAT 777F,84.8,Waste,9.8,3,37,2.6,3137.6
KOMATSU HD785,84.8,Waste,10.2,2.6,42,2.6,3561.6
KOMATSU HD785,84.8,Waste,8.2,4.6,25,2.7,2120
CAT 777F,84.8,Waste,9.9,2.9,7,3.3,593.6
CAT 777E,84.8,Waste,8.5,4.3,4,3.5,339.2
CAT 785C,135.15,Waste,3.7,9.1,1,4.1,135.15
CAT 785C,135.15,Waste,10.1,2.7,5,4.2,675.75
KOMATSU HD785,84.8,High Grade,7,5.8,11,5.1,932.8
KOMATSU HD785,84.8,Waste,9.9,2.9,43,3.8,3646.4
CAT 777F,84.8,Low Grade,6.3,6.6,14,1.8,1187.2
CAT 777F,84.8,Waste,10.8,2.1,3,2.8,254.4
KOMATSU HD785,84.8,High Grade,10.6,2.3,2,3.1,169.6
KOMATSU HD785,84.8,Low Grade,6.4,6.5,8,4.9,678.4
KOMATSU HD785,84.8,Waste,6.4,6.5,10,2.6,848
KOMATSU HD785,84.8,Waste,7.3,5.6,27,2.6,2289.6
KOMATSU HD785,84.8,Waste,10.1,2.8,48,2.6,4070.4
CAT 777F,84.8,Waste,9.1,3.8,22,2.8,1865.6
CAT 785C,135.15,Waste,11.8,1.1,8,4.1,1081.2
CAT 777F,84.8,Waste,11.7,1.3,1,1.5,84.8
CAT 785C,135.15,High Grade,4.9,8.1,2,0.9,270.3
CAT 777F,84.8,Waste,10.7,2.3,9,0.9,763.2
CAT 777F,84.8,Low Grade,10.7,2.3,4,1.1,339.2
CAT 777F,84.8,Waste,10.1,2.9,10,1.1,848
CAT 785C,135.15,Waste,9.7,3.3,21,1.1,2838.15
CAT 785C,135.15,Waste,11.5,1.5,3,1.4,405.45
CAT 777F,84.8,Waste,9,4,35,2,2968
KOMATSU HD785,84.8,Waste,9.3,3.7,20,2.2,1696
KOMATSU HD785,84.8,Waste,9.9,3.1,42,2.2,3561.6
CAT 777F,84.8,Waste,9.1,3.9,45,2.4,3816
CAT 777F,84.8,Waste,8.7,4.3,32,2.5,2713.6
KOMATSU HD785,84.8,Waste,7.6,5.4,36,2.6,3052.8
KOMATSU HD785,84.8,High Grade,7.1,5.9,12,2.7,1017.6
KOMATSU HD785,84.8,Waste,7.5,5.5,41,2.9,3476.8
CAT 777F,84.8,Waste,10,3,20,3,1696
KOMATSU HD785,84.8,High Grade,6.6,6.4,3,3.1,254.4
CAT 777E,84.8,Waste,10.1,2.9,4,3.5,339.2
KOMATSU HD785,84.8,Waste,10.3,2.7,44,3.9,3731.2
KOMATSU HD785,84.8,High Grade,8.2,4.8,2,4.4,169.6
KOMATSU HD785,84.8,Low Grade,7.5,5.5,9,5.2,763.2
KOMATSU HD785,84.8,Waste,8.2,4.8,1,7.8,84.8
CAT 777E,84.8,High Grade,8.9,4.1,3,1.6,254.4
CAT 777F,84.8,Low Grade,10.3,2.8,6,1.1,508.8
KOMATSU HD785,84.8,Waste,9.3,3.8,34,3,2883.2
CAT 777E,84.8,Waste,9.4,3.7,4,1.8,339.2
CAT 777E,84.8,Low Grade,7.9,5.2,1,2,84.8
CAT 785C,135.15,Waste,10.9,2.2,8,2.1,1081.2
KOMATSU HD785,84.8,Waste,10.4,2.7,42,2.5,3561.6
CAT 777E,84.8,Low Grade,4.2,8.9,1,2.9,84.8
KOMATSU HD785,84.8,High Grade,7.2,5.9,10,5.1,848
CAT 785C,135.15,High Grade,11.9,1.2,1,7.1,135.15
KOMATSU HD785,84.8,Waste,7.9,5.2,24,2.2,2035.2
CAT 777E,84.8,Waste,9.8,3.3,20,2.3,1696
KOMATSU HD785,84.8,Waste,7,6.1,38,3,3222.4
CAT 777F,84.8,Waste,8.8,4.3,23,3.1,1950.4
KOMATSU HD785,84.8,Waste,9.4,3.7,4,3.5,339.2
CAT 777E,84.8,Waste,9.1,4,17,3.5,1441.6
CAT 785C,135.15,Waste,10,3.1,5,3.6,675.75
CAT 777E,84.8,High Grade,10.2,2.9,3,6.2,254.4
CAT 777F,84.8,Waste,4.9,8.3,3,0.9,254.4
CAT 777F,84.8,Waste,10.7,2.5,37,1.3,3137.6
CAT 777E,84.8,High Grade,7.6,5.6,4,1.5,339.2
CAT 777E,84.8,High Grade,10.1,3.1,6,2,508.8
CAT 777E,84.8,Waste,10.2,3,24,2,2035.2
KOMATSU HD785,84.8,Waste,6.8,6.4,43,2.1,3646.4
KOMATSU HD785,84.8,Waste,7.2,6,44,2.2,3731.2
CAT 785C,135.15,Waste,9.8,3.4,7,2.4,946.05
KOMATSU HD785,84.8,Waste,8.3,4.9,45,2.5,3816
KOMATSU HD785,84.8,Waste,8.1,5.1,8,2.6,678.4
CAT 777E,84.8,Waste,9.5,3.7,5,2.7,424
CAT 777F,84.8,Waste,10.1,3.1,2,3,169.6
CAT 777E,84.8,Waste,10.7,2.5,3,3.3,254.4
CAT 785C,135.15,Waste,9.2,4,7,3.8,946.05
KOMATSU HD785,84.8,High Grade,10.6,2.6,5,3,424
CAT 777F,84.8,Waste,8,5.2,15,3.2,1272
CAT 785C,135.15,Waste,10.6,2.6,2,10.5,270.3
CAT 777F,84.8,Waste,9.7,3.6,14,1.4,1187.2
CAT 777F,84.8,High Grade,8.6,4.7,5,1.6,424
CAT 777E,84.8,High Grade,8.8,4.5,5,1.8,424
CAT 777F,84.8,Waste,9.2,4.1,2,2.3,169.6
KOMATSU HD785,84.8,Waste,6.8,6.5,9,2.3,763.2
CAT 785C,135.15,Low Grade,7.2,6.1,1,2.6,135.15
CAT 777F,84.8,Waste,9,4.3,49,0.7,4155.2
CAT 777E,84.8,Waste,10.8,2.5,17,1.6,1441.6
CAT 777F,84.8,Low Grade,10.4,2.9,1,2.1,84.8
CAT 777F,84.8,Waste,9.1,4.2,9,2.1,763.2
KOMATSU HD785,84.8,Waste,9.9,3.4,36,2.2,3052.8
KOMATSU HD785,84.8,Waste,7.6,5.7,37,2.5,3137.6
CAT 777F,84.8,Waste,9.8,3.5,14,2.7,1187.2
CAT 777F,84.8,Low Grade,9.1,4.2,1,2.9,84.8
CAT 777F,84.8,Waste,7.8,5.5,5,2.9,424
CAT 785C,135.15,High Grade,6.5,6.8,1,3.4,135.15
CAT 777E,84.8,Waste,10.7,2.6,15,3.4,1272
CAT 785C,135.15,Waste,9.6,3.7,10,3.8,1351.5
CAT 785C,135.15,Waste,8.4,4.9,5,3.9,675.75
CAT 785C,135.15,Waste,6.9,6.5,2,1.5,270.3
CAT 777E,84.8,Waste,12.6,0.8,9,1.5,763.2
CAT 785C,135.15,Waste,11.2,2.2,2,2,270.3
KOMATSU HD785,84.8,Waste,10.5,2.9,40,2.6,3392
CAT 777F,84.8,Waste,8.7,4.7,9,2.8,763.2
CAT 785C,135.15,High Grade,6.7,6.7,1,3.7,135.15
CAT 785C,135.15,Waste,10,3.4,2,3.7,270.3
CAT 777E,84.8,Waste,8.8,4.6,3,1.5,254.4
KOMATSU HD785,84.8,Waste,10.2,3.2,42,2.2,3561.6
CAT 777E,84.8,Waste,8.8,4.6,7,2.6,593.6
KOMATSU HD785,84.8,Waste,7.6,5.8,17,4.1,1441.6
CAT 777E,84.8,Waste,11.9,1.5,3,5.9,254.4
CAT 777F,84.8,High Grade,9.9,3.5,1,1.8,84.8
KOMATSU HD785,84.8,Waste,7.4,6,26,2.6,2204.8
CAT 777F,84.8,Waste,6.8,6.6,4,3.3,339.2
CAT 777E,84.8,Waste,11.3,2.2,3,0.9,254.4
CAT 777F,84.8,Low Grade,10.7,2.8,2,1.1,169.6
CAT 777F,84.8,Waste,7.8,5.7,19,1.9,1611.2
CAT 777F,84.8,Waste,5.9,7.6,1,2,84.8
CAT 777F,84.8,High Grade,8,5.5,2,2.1,169.6
CAT 777F,84.8,High Grade,6.9,6.6,3,2.1,254.4
CAT 785C,135.15,High Grade,5.8,7.7,3,2.1,405.45
CAT 777E,84.8,Waste,11.2,2.3,26,2.1,2204.8
CAT 777F,84.8,Waste,10.6,2.9,7,2.3,593.6
CAT 777E,84.8,Waste,8.6,4.9,14,2.6,1187.2
KOMATSU HD785,84.8,Waste,7.6,5.9,24,2.6,2035.2
CAT 777F,84.8,Waste,10.3,3.2,34,2.6,2883.2
CAT 777F,84.8,Waste,11.2,2.3,15,2.7,1272
KOMATSU HD785,84.8,Waste,7.5,6,39,2.9,3307.2
CAT 777F,84.8,Waste,10,3.5,13,3.2,1102.4
CAT 777E,84.8,Waste,8.6,4.9,24,3.2,2035.2
CAT 777E,84.8,Waste,10.1,3.4,9,3.3,763.2
CAT 777E,84.8,High Grade,11.9,1.6,2,4.4,169.6
CAT 777E,84.8,Waste,10.5,3,3,4.7,254.4
CAT 785C,135.15,Waste,11,2.5,1,8.2,135.15
CAT 777E,84.8,Waste,8,5.5,2,0.9,169.6
CAT 785C,135.15,Waste,12,1.5,1,8.8,135.15
CAT 785C,135.15,Waste,8.5,5.1,5,5.1,675.75
CAT 777E,84.8,High Grade,9.5,4.1,1,7.8,84.8
CAT 777E,84.8,Waste,7.4,6.2,45,0.8,3816
CAT 777E,84.8,Waste,11.8,1.8,2,1.7,169.6
CAT 777E,84.8,High Grade,8.8,4.8,3,1.7,254.4
CAT 785C,135.15,Waste,12,1.6,22,1.7,2973.3
CAT 777E,84.8,Waste,11.7,1.9,4,1.9,339.2
CAT 777F,84.8,Low Grade,11.6,2,1,2,84.8
CAT 777F,84.8,Waste,8.9,4.7,29,2.9,2459.2
CAT 777F,84.8,Waste,6.9,6.7,3,3.2,254.4
KOMATSU HD785,84.8,Waste,10.4,3.2,40,3.8,3392
CAT 777E,84.8,Waste,7.9,5.7,5,4.4,424
CAT 777E,84.8,High Grade,12.2,1.4,5,4.8,424
CAT 777E,84.8,Low Grade,11.6,2,5,0.9,424
CAT 785C,135.15,High Grade,9.4,4.2,4,1.9,540.6
KOMATSU HD785,84.8,Waste,8,5.6,37,2.5,3137.6
CAT 777E,84.8,Waste,10.3,3.3,16,2.6,1356.8
CAT 777F,84.8,Waste,9.9,3.7,41,2.7,3476.8
CAT 785C,135.15,Waste,9.2,4.4,19,2.8,2567.85
CAT 777E,84.8,Waste,9.6,4,9,3,763.2
CAT 777E,84.8,Waste,8.9,4.7,32,3.2,2713.6
CAT 785C,135.15,Waste,10.7,2.9,8,3.7,1081.2
CAT 785C,135.15,High Grade,11.1,2.5,3,4.8,405.45
CAT 777E,84.8,Waste,9.1,4.5,4,5.1,339.2
CAT 785C,135.15,Waste,8.4,5.2,3,8.6,405.45
CAT 777F,84.8,Low Grade,7.7,6,2,1,169.6
CAT 777F,84.8,Low Grade,10.9,2.8,15,1.1,1272
KOMATSU HD785,84.8,Waste,10.4,3.3,31,2.2,2628.8
CAT 777F,84.8,Waste,9.9,3.8,42,2.2,3561.6
KOMATSU HD785,84.8,Waste,10.8,2.9,40,2.5,3392
KOMATSU HD785,84.8,Waste,9.9,3.8,42,2.5,3561.6
KOMATSU HD785,84.8,Waste,7.9,5.8,25,2.6,2120
CAT 777F,84.8,Waste,11.1,2.6,26,3,2204.8
CAT 777F,84.8,Waste,10.8,2.9,1,3.1,84.8
CAT 777F,84.8,High Grade,7.9,5.8,2,3.1,169.6
CAT 785C,135.15,Waste,5.3,8.4,5,3.8,675.75
CAT 785C,135.15,Waste,10.3,3.4,2,4.7,270.3
CAT 777E,84.8,High Grade,10.6,3.1,5,1.2,424
CAT 777E,84.8,High Grade,8.9,4.8,5,1.8,424
CAT 777F,84.8,Waste,10.3,3.4,26,1.8,2204.8
KOMATSU HD785,84.8,Waste,7.5,6.2,11,2.5,932.8
CAT 777F,84.8,Waste,10.7,3,11,2.6,932.8
KOMATSU HD785,84.8,Waste,7.7,6,34,2.6,2883.2
KOMATSU HD785,84.8,Waste,10.2,3.5,39,2.9,3307.2
CAT 777E,84.8,Waste,9.8,4,7,3.1,593.6
CAT 777E,84.8,Waste,8.8,5,28,0.8,2374.4
CAT 777F,84.8,Low Grade,11.8,2,3,1,254.4
KOMATSU HD785,84.8,Waste,7.6,6.2,9,2.2,763.2
CAT 785C,135.15,Waste,11.8,2,16,2.6,2162.4
CAT 777E,84.8,Waste,9,4.8,30,2.6,2544
KOMATSU HD785,84.8,Waste,7.4,6.4,14,2.8,1187.2
CAT 777F,84.8,Waste,8.3,5.5,3,2.9,254.4
CAT 777E,84.8,Waste,10,3.8,3,3.3,254.4
KOMATSU HD785,84.8,Low Grade,8.1,5.7,9,5.2,763.2
CAT 777E,84.8,Waste,11.7,2.1,7,1.4,593.6
CAT 777F,84.8,Low Grade,10.1,3.7,4,1.6,339.2
CAT 777F,84.8,High Grade,9.9,3.9,3,1.9,254.4
CAT 777F,84.8,Low Grade,7.4,6.4,14,2.1,1187.2
KOMATSU HD785,84.8,Waste,7.3,6.5,41,2.1,3476.8
CAT 777F,84.8,Waste,8,5.8,36,2.2,3052.8
CAT 777F,84.8,Waste,10.2,3.6,37,2.2,3137.6
KOMATSU HD785,84.8,Waste,7.5,6.3,38,2.2,3222.4
CAT 777E,84.8,Waste,10.8,3,9,2.3,763.2
CAT 777E,84.8,Waste,9.1,4.7,6,2.6,508.8
KOMATSU HD785,84.8,Waste,9.4,4.4,23,3.1,1950.4
KOMATSU HD785,84.8,High Grade,9.3,4.5,13,4.7,1102.4
CAT 777F,84.8,Waste,9.8,4.1,21,1.1,1780.8
CAT 777F,84.8,High Grade,6.1,7.8,4,1.5,339.2
CAT 777F,84.8,High Grade,8.6,5.3,6,1.5,508.8
CAT 777F,84.8,Waste,8.5,5.4,42,2,3561.6
CAT 777E,84.8,Low Grade,10.1,3.8,4,2.4,339.2
CAT 777F,84.8,Waste,11.1,2.8,2,2.6,169.6
CAT 777F,84.8,Waste,9,4.9,27,2.8,2289.6
KOMATSU HD785,84.8,Waste,10.1,3.8,37,2.8,3137.6
CAT 777F,84.8,Waste,11.4,2.5,4,2.9,339.2
CAT 777F,84.8,Waste,11,2.9,31,2.9,2628.8
CAT 777E,84.8,Waste,10.8,3.1,4,3.1,339.2
CAT 777F,84.8,Waste,11.5,2.4,26,3.1,2204.8
CAT 777F,84.8,Waste,10.7,3.2,3,3.3,254.4
CAT 785C,135.15,High Grade,9.9,4,12,1.2,1621.8
CAT 777F,84.8,High Grade,5.6,8.3,2,1.5,169.6
CAT 777F,84.8,Low Grade,9.7,4.2,8,1.5,678.4
KOMATSU HD785,84.8,Waste,7.8,6.1,34,2.5,2883.2
KOMATSU HD785,84.8,High Grade,9.4,4.5,6,2.7,508.8
KOMATSU HD1500,135.15,Waste,11.7,2.2,9,2.7,1216.35
CAT 777E,84.8,Waste,9.5,4.4,11,2.7,932.8
CAT 777E,84.8,High Grade,13.6,0.3,1,2.8,84.8
CAT 777E,84.8,High Grade,6.2,7.7,4,2.8,339.2
KOMATSU HD785,84.8,High Grade,9.7,4.2,4,3.1,339.2
CAT 785C,135.15,Waste,13.1,0.8,7,3.4,946.05
CAT 777F,84.8,Waste,10.6,3.3,11,3.4,932.8
CAT 777E,84.8,Waste,10,3.9,13,4.3,1102.4
CAT 777E,84.8,Waste,10.1,3.8,30,4.9,2544
CAT 777E,84.8,Waste,10.8,3.1,21,2.2,1780.8
CAT 777E,84.8,High Grade,11.3,2.7,2,1.3,169.6
CAT 777E,84.8,Waste,12.2,1.8,8,1.8,678.4
CAT 777F,84.8,High Grade,10.3,3.7,6,2.1,508.8
CAT 777E,84.8,Low Grade,7.8,6.2,7,2.2,593.6
KOMATSU HD785,84.8,High Grade,11.1,2.9,4,2.6,339.2
CAT 777F,84.8,Waste,10.8,3.2,3,2.9,254.4
CAT 777E,84.8,Waste,12.1,1.9,18,3,1526.4
CAT 777E,84.8,High Grade,11.7,2.3,1,4.1,84.8
CAT 777E,84.8,Waste,10.8,3.2,6,1.1,508.8
KOMATSU HD785,84.8,Waste,11.5,2.5,1,1.8,84.8
CAT 777F,84.8,Waste,8.8,5.2,6,1.9,508.8
CAT 777F,84.8,Waste,9.7,4.3,40,2.3,3392
CAT 785C,135.15,Low Grade,9.6,4.4,2,2.4,270.3
CAT 777F,84.8,Low Grade,10.8,3.2,2,2.5,169.6
CAT 785C,135.15,Low Grade,8.7,5.3,1,2.7,135.15
CAT 777E,84.8,Waste,9.9,4.1,23,2.9,1950.4
CAT 777F,84.8,Waste,11.7,2.3,28,2.9,2374.4
CAT 777E,84.8,High Grade,9.5,4.5,8,3.1,678.4
CAT 777F,84.8,Waste,10.5,3.5,8,3.1,678.4
CAT 777E,84.8,Waste,10.2,3.8,21,3.5,1780.8
CAT 785C,135.15,Waste,10.6,3.4,2,3.6,270.3
CAT 785C,135.15,High Grade,11.9,2.1,12,4.1,1621.8
CAT 785C,135.15,Waste,9.8,4.2,11,4.7,1486.65
CAT 777E,84.8,High Grade,13,1,4,2.3,339.2
KOMATSU HD785,84.8,Waste,10.4,3.6,37,2.7,3137.6
CAT 777F,84.8,Waste,7,7,19,2.9,1611.2
CAT 777E,84.8,High Grade,8.8,5.3,3,2.1,254.4
KOMATSU HD785,84.8,Waste,9.5,4.6,22,3,1865.6
CAT 777E,84.8,Waste,11.5,2.6,2,0.5,169.6
CAT 785C,135.15,Low Grade,12.2,1.9,2,1.2,270.3
CAT 777F,84.8,High Grade,8,6.1,5,1.3,424
CAT 777E,84.8,High Grade,10.9,3.2,1,1.7,84.8
CAT 777E,84.8,Waste,9.8,4.3,15,2,1272
CAT 777E,84.8,Waste,11.1,3,16,2.7,1356.8
CAT 777E,84.8,Waste,11.2,2.9,6,2.8,508.8
CAT 785C,135.15,Waste,10.7,3.4,7,3.1,946.05
CAT 777E,84.8,High Grade,12.9,1.2,5,3.3,424
CAT 777E,84.8,Waste,8.2,5.9,42,0.8,3561.6
CAT 777F,84.8,High Grade,7.2,6.9,1,0.9,84.8
CAT 777E,84.8,High Grade,10.5,3.6,4,1.1,339.2
CAT 777F,84.8,Waste,10.4,3.7,10,1.4,848
CAT 777E,84.8,Waste,9.2,4.9,7,1.9,593.6
KOMATSU HD785,84.8,Waste,11.2,2.9,35,2.1,2968
KOMATSU HD785,84.8,Waste,8.1,6,8,2.6,678.4
CAT 777E,84.8,High Grade,6.6,7.5,1,3.4,84.8
CAT 777E,84.8,Waste,10.4,3.7,7,3.4,593.6
CAT 785C,135.15,Waste,12.1,2,10,4.3,1351.5
CAT 777F,84.8,Waste,11.4,2.8,7,0.5,593.6
CAT 777F,84.8,High Grade,10.7,3.5,5,1,424
CAT 777F,84.8,High Grade,6.3,7.9,4,1.3,339.2
CAT 777F,84.8,Low Grade,9.5,4.7,11,1.3,932.8
CAT 777F,84.8,Low Grade,10,4.2,10,1.4,848
CAT 785C,135.15,Waste,10.5,3.7,6,1.8,810.9
CAT 777E,84.8,Waste,11.2,3,2,2,169.6
CAT 777F,84.8,Waste,11.2,3,7,2.1,593.6
CAT 785C,135.15,Waste,11.2,3,13,2.1,1756.95
CAT 785C,135.15,Low Grade,9.2,5,2,2.4,270.3
CAT 777E,84.8,Waste,10.8,3.4,6,2.5,508.8
CAT 777F,84.8,High Grade,8.4,5.8,4,2.9,339.2
CAT 777F,84.8,Waste,9.5,4.7,22,3,1865.6
CAT 785C,135.15,Waste,12.3,1.9,4,3.7,540.6
KOMATSU HD785,84.8,High Grade,8.1,6.1,2,4.4,169.6
CAT 777E,84.8,Low Grade,9.2,5,8,4.8,678.4
CAT 777F,84.8,Waste,10.6,3.6,22,3.1,1865.6
CAT 777E,84.8,Waste,8,6.2,9,3.2,763.2
CAT 777E,84.8,Waste,10.7,3.6,33,0.5,2798.4
KOMATSU HD785,84.8,Waste,12.4,1.9,39,1.1,3307.2
CAT 785C,135.15,Low Grade,8,6.3,6,1.6,810.9
CAT 777E,84.8,Low Grade,8.1,6.2,2,2.4,169.6
CAT 777F,84.8,Waste,11.5,2.8,15,3.1,1272
CAT 777E,84.8,High Grade,8,6.3,2,3.3,169.6
CAT 777E,84.8,Waste,12.2,2.1,6,3.4,508.8
CAT 785C,135.15,Waste,12.1,2.2,10,4.1,1351.5
CAT 777F,84.8,Waste,10.3,4,3,4.7,254.4
CAT 785C,135.15,Waste,7.4,6.9,2,7.2,270.3
CAT 777E,84.8,High Grade,6.4,7.9,1,8.2,84.8
CAT 777E,84.8,Waste,7.9,6.4,40,0.9,3392
CAT 777E,84.8,Low Grade,10,4.3,5,1.5,424
CAT 777E,84.8,Low Grade,13.8,0.5,2,1.7,169.6
CAT 777E,84.8,High Grade,7.6,6.7,5,1.7,424
CAT 777F,84.8,High Grade,6.9,7.4,2,1.9,169.6
CAT 777F,84.8,Waste,11.4,2.9,14,2.4,1187.2
CAT 777F,84.8,Waste,10.1,4.2,27,3,2289.6
CAT 777F,84.8,Waste,11.5,2.8,22,3.1,1865.6
CAT 785C,135.15,Waste,11.9,2.4,3,6.7,405.45
CAT 777F,84.8,Waste,9.4,4.9,25,2.8,2120
CAT 785C,135.15,Waste,10.4,4,1,1.3,135.15
CAT 785C,135.15,Low Grade,6.2,8.2,2,1.9,270.3
CAT 777E,84.8,Waste,13.6,0.8,2,2.1,169.6
CAT 777F,84.8,Waste,10.7,3.7,31,2.6,2628.8
CAT 777E,84.8,Low Grade,11.8,2.6,2,3,169.6
CAT 777F,84.8,Waste,11.8,2.6,27,3,2289.6
CAT 777E,84.8,Waste,10.3,4.1,8,3.2,678.4
KOMATSU HD1500,135.15,Waste,11.4,3,10,4,1351.5
CAT 777E,84.8,High Grade,12.1,2.3,2,4.5,169.6
CAT 785C,135.15,Waste,5.8,8.6,1,8.4,135.15
CAT 777E,84.8,High Grade,8.2,6.2,3,1.7,254.4
CAT 777E,84.8,Low Grade,13.6,0.8,2,1.9,169.6
KOMATSU HD785,84.8,Waste,7.8,6.6,7,2,593.6
CAT 785C,135.15,Waste,7.4,7,13,2,1756.95
CAT 785C,135.15,Waste,9.3,5.1,16,2.1,2162.4
CAT 777F,84.8,Low Grade,7.3,7.1,5,2.2,424
CAT 777F,84.8,Waste,10.2,4.2,6,2.4,508.8
CAT 785C,135.15,Waste,10.3,4.1,4,2.7,540.6
CAT 777E,84.8,Waste,9,5.4,35,2.9,2968
CAT 777F,84.8,Waste,10,4.4,15,3.2,1272
CAT 785C,135.15,Waste,13.2,1.2,16,3.6,2162.4
CAT 785C,135.15,Waste,10.9,3.5,17,3.8,2297.55
CAT 777F,84.8,Waste,11.8,2.6,3,4.2,254.4
CAT 785C,135.15,Waste,12.2,2.2,3,5.6,405.45
CAT 777F,84.8,Low Grade,9.3,5.1,10,1.4,848
CAT 777E,84.8,Waste,8.6,5.8,1,7.9,84.8
CAT 785C,135.15,Waste,10.8,3.7,10,1.1,1351.5
KOMATSU HD785,84.8,Waste,9.1,5.4,7,2.2,593.6
CAT 777E,84.8,Waste,10.7,3.8,3,2.3,254.4
CAT 777F,84.8,Waste,12,2.5,1,2.6,84.8
CAT 777F,84.8,Waste,9.8,4.7,3,3.3,254.4
CAT 785C,135.15,Waste,11.6,2.9,10,4.5,1351.5
CAT 777E,84.8,Waste,12.7,1.8,5,1,424
CAT 785C,135.15,High Grade,8.8,5.7,3,1.2,405.45
CAT 785C,135.15,Waste,10.6,3.9,9,1.7,1216.35
CAT 777F,84.8,Waste,9.7,4.8,14,2.1,1187.2
CAT 777F,84.8,Waste,8.2,6.3,41,2.1,3476.8
CAT 777F,84.8,Waste,12.3,2.2,4,2.2,339.2
KOMATSU HD785,84.8,Waste,8.4,6.1,8,2.4,678.4
CAT 777F,84.8,Waste,12.4,2.1,4,2.8,339.2
CAT 785C,135.15,High Grade,9.7,4.8,1,2.9,135.15
CAT 777F,84.8,Waste,11.6,2.9,26,3,2204.8
CAT 777F,84.8,Waste,9.9,4.6,2,3.5,169.6
CAT 777E,84.8,Waste,8.5,6,2,3.6,169.6
CAT 777F,84.8,Waste,10.2,4.3,28,5.2,2374.4
CAT 785C,135.15,Waste,13.1,1.4,4,9,540.6
CAT 777F,84.8,Waste,10.2,4.3,2,2.6,169.6
CAT 777E,84.8,Waste,8.9,5.6,11,3,932.8
CAT 777F,84.8,High Grade,11.2,3.4,2,1.1,169.6
CAT 777F,84.8,Waste,11.2,3.4,13,1.2,1102.4
CAT 777E,84.8,Waste,10.9,3.7,17,3.5,1441.6
CAT 777E,84.8,Waste,12.1,2.5,3,5.2,254.4
CAT 777F,84.8,High Grade,11.4,3.2,3,0.8,254.4
CAT 777E,84.8,Waste,8.7,5.9,15,1,1272
CAT 777F,84.8,Waste,8.7,5.9,5,1.5,424
CAT 777E,84.8,Waste,13.6,1,2,1.7,169.6
CAT 777E,84.8,High Grade,9.5,5.1,3,1.7,254.4
CAT 777F,84.8,Low Grade,7.9,6.7,1,1.8,84.8
CAT 777E,84.8,Waste,10.7,3.9,3,1.9,254.4
CAT 785C,135.15,Waste,11.5,3.1,12,1.9,1621.8
KOMATSU HD785,84.8,Waste,11.2,3.4,34,2.6,2883.2
CAT 777E,84.8,High Grade,12.9,1.7,13,2.7,1102.4
CAT 777F,84.8,Waste,9.5,5.1,12,2.9,1017.6
KOMATSU HD785,84.8,Waste,8.5,6.1,17,3,1441.6
CAT 785C,135.15,Waste,13.6,1,12,3.2,1621.8
CAT 777E,84.8,Waste,10.8,3.8,26,3.2,2204.8
CAT 785C,135.15,High Grade,12.9,1.7,6,4,810.9
CAT 785C,135.15,Waste,11.4,3.2,3,4.4,405.45
CAT 785C,135.15,Waste,12.7,1.9,2,6.3,270.3
CAT 777F,84.8,High Grade,10.9,3.7,2,0.9,169.6
CAT 785C,135.15,Low Grade,7.9,6.7,2,1.5,270.3
KOMATSU HD785,84.8,High Grade,7.9,6.7,2,2.1,169.6
CAT 777E,84.8,Waste,9.6,5,3,2.2,254.4
CAT 777F,84.8,Waste,10.6,4,3,3.3,254.4
KOMATSU HD1500,135.15,Waste,12,2.6,5,5.1,675.75
CAT 777F,84.8,Waste,11.6,3,3,6.4,254.4
CAT 777F,84.8,High Grade,10.8,3.9,6,1.3,508.8
CAT 777E,84.8,Waste,12.7,2,16,1.4,1356.8
CAT 777F,84.8,Waste,12,2.7,9,2.5,763.2
CAT 777F,84.8,Waste,12.5,2.2,3,0.5,254.4
CAT 777F,84.8,Low Grade,11,3.7,15,1.2,1272
CAT 785C,135.15,High Grade,9.1,5.6,2,1.4,270.3
CAT 777F,84.8,High Grade,10.5,4.2,2,1.7,169.6
CAT 777E,84.8,High Grade,9.2,5.5,5,1.7,424
CAT 785C,135.15,Waste,10.8,3.9,1,2,135.15
CAT 777F,84.8,Waste,8.8,5.9,5,2.1,424
CAT 785C,135.15,Waste,10.9,3.8,14,2.1,1892.1
CAT 777F,84.8,Waste,10.9,3.8,6,2.5,508.8
CAT 785C,135.15,Low Grade,9,5.7,2,3.1,270.3
CAT 777E,84.8,Waste,10.7,4,28,3.1,2374.4
CAT 777F,84.8,Waste,9.3,5.4,27,3.2,2289.6
CAT 777F,84.8,Waste,8.8,5.9,6,3.3,508.8
CAT 777E,84.8,Waste,10.3,4.4,8,3.4,678.4
CAT 785C,135.15,Waste,13.1,1.6,10,3.6,1351.5
CAT 777E,84.8,High Grade,9.7,5,1,3.8,84.8
CAT 785C,135.15,Waste,11.7,3,3,3.8,405.45
CAT 777E,84.8,Waste,10.9,3.8,5,4.1,424
CAT 777E,84.8,Waste,10.5,4.2,9,5.3,763.2
CAT 785C,135.15,Waste,10.8,3.9,3,5.6,405.45
CAT 785C,135.15,Waste,11.6,3.1,5,6.1,675.75
CAT 777F,84.8,Waste,10.6,4.1,18,2.5,1526.4
CAT 785C,135.15,Waste,12.4,2.3,18,3.4,2432.7
CAT 777E,84.8,Waste,7.9,6.9,4,4.5,339.2
CAT 777F,84.8,High Grade,7.9,6.9,5,1.2,424
CAT 777F,84.8,High Grade,4.4,10.4,2,1.4,169.6
CAT 777E,84.8,Waste,9.3,5.5,1,1.9,84.8
CAT 785C,135.15,Waste,10.1,4.7,13,2.5,1756.95
KOMATSU HD785,84.8,High Grade,10.7,4.1,3,3.1,254.4
CAT 777F,84.8,Waste,11.1,3.7,15,4.2,1272
CAT 777E,84.8,Waste,10.4,4.4,22,4.2,1865.6
CAT 785C,135.15,Waste,12.7,2.1,13,5.1,1756.95
CAT 777E,84.8,Waste,12.2,2.6,7,6.1,593.6
CAT 785C,135.15,Waste,10.4,4.4,1,8.5,135.15
CAT 785C,135.15,High Grade,13,1.8,5,9.1,675.75
CAT 785C,135.15,High Grade,9,5.8,1,9.3,135.15
CAT 777E,84.8,High Grade,12.9,1.9,2,1,169.6
CAT 777E,84.8,High Grade,10.5,4.3,5,1,424
CAT 777F,84.8,Low Grade,12.2,2.6,2,1.2,169.6
CAT 785C,135.15,Low Grade,11.1,3.7,3,1.4,405.45
CAT 777E,84.8,Low Grade,10.2,4.6,10,1.5,848
CAT 785C,135.15,Waste,12.9,1.9,1,2.1,135.15
CAT 777F,84.8,Waste,10.2,4.6,14,2.7,1187.2
CAT 777E,84.8,Waste,11.1,3.7,38,2.9,3222.4
KOMATSU HD785,84.8,Low Grade,11.7,3.1,6,3,508.8
CAT 777F,84.8,Waste,8.7,6.1,11,3.3,932.8
CAT 777E,84.8,Waste,10.1,4.7,1,3.4,84.8
CAT 777F,84.8,Waste,8.4,6.4,1,3.9,84.8
CAT 785C,135.15,Waste,13.1,1.7,1,4,135.15
CAT 777F,84.8,Waste,11.9,2.9,1,4,84.8
CAT 785C,135.15,Waste,11.3,3.5,1,6.9,135.15
CAT 777E,84.8,Waste,10.9,3.9,4,8.8,339.2
CAT 777F,84.8,Waste,11.5,3.3,22,5.3,1865.6
CAT 777E,84.8,Low Grade,5.6,9.3,2,1.7,169.6
CAT 785C,135.15,Low Grade,11.9,3,6,1.9,810.9
CAT 777F,84.8,Waste,11.8,3.1,11,2.1,932.8
CAT 785C,135.15,Waste,7.6,7.3,3,2.7,405.45
CAT 777E,84.8,Waste,9.4,5.5,3,2.7,254.4
CAT 777F,84.8,Waste,11.7,3.2,33,3,2798.4
CAT 785C,135.15,Waste,12.7,2.2,8,3.2,1081.2
CAT 777E,84.8,Low Grade,12.8,2.1,1,3.7,84.8
CAT 777F,84.8,High Grade,12.8,2.1,6,0.8,508.8
CAT 777E,84.8,High Grade,11.2,3.7,4,1.1,339.2
CAT 777F,84.8,Waste,11.4,3.5,5,1.2,424
CAT 777F,84.8,Low Grade,11.3,3.6,5,1.2,424
CAT 777F,84.8,Low Grade,8.6,6.3,14,1.7,1187.2
CAT 777E,84.8,Waste,9.5,5.4,5,2.7,424
CAT 777F,84.8,High Grade,8.5,6.4,2,3.3,169.6
KOMATSU HD1500,135.15,Waste,12.4,2.5,5,3.3,675.75
CAT 777E,84.8,High Grade,12.4,2.5,4,3.8,339.2
KOMATSU HD1500,135.15,Waste,11.4,3.5,1,4,135.15
CAT 777E,84.8,High Grade,13.3,1.6,3,5.1,254.4
CAT 777E,84.8,Waste,12.9,2,3,5.5,254.4
KOMATSU HD1500,135.15,Waste,12.4,2.5,4,8.2,540.6
CAT 785C,135.15,Waste,11.8,3.1,12,8.4,1621.8
CAT 777E,84.8,Waste,10.2,4.7,5,9.3,424
CAT 777F,84.8,Waste,10.3,4.6,29,2.5,2459.2
CAT 777F,84.8,Waste,11.2,3.7,6,3.1,508.8
CAT 777E,84.8,Low Grade,9.7,5.3,9,1.7,763.2
CAT 777F,84.8,Low Grade,11.3,3.7,6,2,508.8
CAT 777F,84.8,Waste,11.7,3.3,18,2.2,1526.4
CAT 777F,84.8,Waste,11.6,3.4,21,2.2,1780.8
CAT 777F,84.8,Waste,10.5,4.5,29,3,2459.2
CAT 785C,135.15,Waste,9.3,5.7,1,3.9,135.15
CAT 777F,84.8,Waste,11.8,3.2,19,5.2,1611.2
CAT 777F,84.8,Low Grade,11.4,3.6,7,1,593.6
CAT 777F,84.8,Waste,12.1,2.9,17,1.5,1441.6
CAT 777F,84.8,High Grade,6.7,8.3,3,1.7,254.4
CAT 777E,84.8,High Grade,11.5,3.5,4,2,339.2
CAT 777E,84.8,Waste,13.2,1.8,3,2.6,254.4
KOMATSU HD785,84.8,Waste,9.1,5.9,8,2.6,678.4
KOMATSU HD785,84.8,Waste,11.3,3.7,50,2.6,4240
CAT 777E,84.8,Waste,11.4,3.6,13,2.8,1102.4
CAT 777F,84.8,Waste,10.3,4.7,24,2.8,2035.2
CAT 777F,84.8,Waste,11.7,3.3,29,2.8,2459.2
CAT 777F,84.8,High Grade,8.3,6.7,1,2.9,84.8
KOMATSU HD785,84.8,Waste,7.8,7.2,16,2.9,1356.8
CAT 777E,84.8,Waste,9.5,5.5,33,2.9,2798.4
CAT 777F,84.8,Waste,10.6,4.4,2,3,169.6
CAT 777E,84.8,Waste,12.7,2.3,4,3,339.2
CAT 777F,84.8,Waste,11.3,3.7,31,3,2628.8
CAT 777F,84.8,Waste,11.9,3.1,12,3.2,1017.6
CAT 777E,84.8,Waste,10.9,4.1,12,3.2,1017.6
CAT 777E,84.8,Waste,9.6,5.4,32,3.2,2713.6
CAT 777E,84.8,Waste,8.6,6.4,14,3.5,1187.2
CAT 777E,84.8,Waste,11.8,3.2,4,3.6,339.2
CAT 777E,84.8,Waste,13.6,1.4,16,3.6,1356.8
CAT 785C,135.15,Waste,12.8,2.2,1,3.8,135.15
CAT 777E,84.8,Waste,14.6,0.4,3,3.8,254.4
CAT 777E,84.8,Waste,11,4,39,3.9,3307.2
CAT 785C,135.15,Waste,9.8,5.2,8,4.3,1081.2
CAT 785C,135.15,Waste,10.8,4.2,2,4.5,270.3
CAT 777F,84.8,Waste,10.5,4.5,37,5.1,3137.6
CAT 777E,84.8,Waste,11,4,8,5.3,678.4
CAT 777F,84.8,Low Grade,11.9,3.1,12,5.3,1017.6
CAT 777F,84.8,High Grade,10.1,4.9,1,5.6,84.8
CAT 777E,84.8,Waste,11,4,4,3.9,339.2
CAT 777F,84.8,Low Grade,12,3.1,15,1.2,1272
CAT 777F,84.8,Low Grade,12.8,2.3,1,1.8,84.8
CAT 777E,84.8,High Grade,11.1,4,3,2.1,254.4
CAT 777F,84.8,Waste,11,4.1,5,2.9,424
CAT 777F,84.8,Waste,12.5,2.6,6,3.3,508.8
CAT 777F,84.8,Waste,9.7,5.4,1,3.7,84.8
CAT 785C,135.15,Waste,12.7,2.4,10,4.7,1351.5
CAT 777F,84.8,Waste,8.2,6.9,38,1.8,3222.4
CAT 777F,84.8,Waste,8.6,6.5,8,1.9,678.4
CAT 777F,84.8,High Grade,11.4,3.7,2,2,169.6
CAT 777E,84.8,Low Grade,6.1,9,2,2,169.6
CAT 777E,84.8,Waste,14.2,0.9,3,2,254.4
CAT 777F,84.8,Waste,9.3,5.8,15,2.1,1272
CAT 777F,84.8,Low Grade,13.3,1.8,5,2.3,424
CAT 777F,84.8,Waste,11.5,3.6,3,3.1,254.4
CAT 785C,135.15,Waste,11,4.1,3,3.3,405.45
CAT 777E,84.8,Low Grade,8.9,6.2,2,3.9,169.6
CAT 785C,135.15,Waste,10.6,4.5,6,3.9,810.9
CAT 785C,135.15,High Grade,13.1,2,3,4.7,405.45
CAT 785C,135.15,Waste,10.9,4.2,7,5.1,946.05
CAT 777F,84.8,High Grade,11.6,3.5,3,1.4,254.4
CAT 777F,84.8,Low Grade,10.1,5,5,1.4,424
CAT 777F,84.8,Waste,10,5.1,9,1.5,763.2
CAT 785C,135.15,Low Grade,6.3,8.8,2,1.6,270.3
CAT 777F,84.8,Low Grade,8.4,6.7,3,1.6,254.4
CAT 777E,84.8,High Grade,9.9,5.2,5,1.6,424
CAT 777F,84.8,Waste,14.2,0.9,1,2,84.8
CAT 777F,84.8,Waste,9.1,6,8,2,678.4
CAT 777F,84.8,Low Grade,9.5,5.6,1,2.8,84.8
CAT 785C,135.15,Waste,10.1,5,5,3.1,675.75
CAT 777F,84.8,Waste,9.9,5.2,26,3.3,2204.8
CAT 785C,135.15,Low Grade,12.3,2.8,1,3.8,135.15
CAT 777F,84.8,High Grade,11.1,4.1,1,1.2,84.8
CAT 777F,84.8,Waste,10.7,4.5,11,1.2,932.8
CAT 777F,84.8,High Grade,12.4,2.8,4,1.3,339.2
CAT 777F,84.8,High Grade,12.6,2.6,7,1.5,593.6
CAT 777F,84.8,Waste,11.6,3.6,33,1.9,2798.4
CAT 777F,84.8,Waste,10.4,4.8,1,2,84.8
KOMATSU HD785,84.8,Waste,10,5.2,45,2,3816
CAT 785C,135.15,Waste,11.3,3.9,15,2.3,2027.25
CAT 777F,84.8,High Grade,10,5.2,1,2.4,84.8
CAT 785C,135.15,High Grade,10.3,4.9,2,2.4,270.3
CAT 777E,84.8,High Grade,10.7,4.5,4,2.6,339.2
CAT 777F,84.8,High Grade,9,6.2,2,2.8,169.6
CAT 777F,84.8,Waste,11.7,3.5,32,2.9,2713.6
CAT 777E,84.8,Waste,12.1,3.1,2,3,169.6
KOMATSU HD785,84.8,Low Grade,10,5.2,6,3,508.8
CAT 777E,84.8,High Grade,12,3.2,7,3.2,593.6
CAT 785C,135.15,Waste,8.5,6.7,14,3.9,1892.1
CAT 777F,84.8,Waste,8.6,6.6,4,4,339.2
CAT 777F,84.8,Waste,12.5,2.7,11,4.2,932.8
CAT 785C,135.15,Waste,12.7,2.5,3,5.2,405.45
CAT 777F,84.8,Waste,12,3.2,24,2.4,2035.2
CAT 777F,84.8,Waste,11,4.2,3,2.6,254.4
CAT 777F,84.8,Waste,10.7,4.5,14,2.8,1187.2
CAT 777F,84.8,Waste,11.1,4.1,9,3.4,763.2
CAT 777E,84.8,Waste,12.4,2.8,3,3.7,254.4
CAT 785C,135.15,Waste,7.5,7.8,6,1,810.9
CAT 777E,84.8,Waste,11.8,3.5,5,1.7,424
CAT 777E,84.8,Waste,11.8,3.5,1,2.7,84.8
CAT 777F,84.8,Low Grade,11.5,3.8,2,0.9,169.6
CAT 777E,84.8,Low Grade,10.1,5.2,4,1.6,339.2
CAT 777F,84.8,Waste,11.8,3.5,21,1.6,1780.8
CAT 777F,84.8,Waste,11.1,4.2,4,1.7,339.2
CAT 777E,84.8,High Grade,7,8.3,2,2.3,169.6
CAT 777F,84.8,Waste,10.7,4.6,11,2.8,932.8
CAT 777F,84.8,Waste,11.4,3.9,2,3.1,169.6
CAT 785C,135.15,Waste,11.1,4.2,4,3.1,540.6
CAT 777E,84.8,Waste,12.7,2.6,14,3.1,1187.2
CAT 777F,84.8,Waste,10.5,4.8,3,3.4,254.4
CAT 785C,135.15,High Grade,12.6,2.7,2,0.9,270.3
CAT 777E,84.8,High Grade,11,4.3,2,0.9,169.6
CAT 777F,84.8,Low Grade,8.8,6.5,2,1,169.6
CAT 777E,84.8,High Grade,12.2,3.1,8,1.1,678.4
CAT 777F,84.8,High Grade,11.3,4,9,1.4,763.2
CAT 777E,84.8,Waste,9.9,5.4,25,1.5,2120
CAT 785C,135.15,Low Grade,10.5,4.8,2,1.7,270.3
CAT 777F,84.8,High Grade,9.4,5.9,3,1.9,254.4
CAT 777F,84.8,Waste,12.9,2.4,10,1.9,848
CAT 777E,84.8,High Grade,9.7,5.6,4,2.1,339.2
CAT 777E,84.8,Low Grade,11.5,3.8,2,2.3,169.6
KOMATSU HD785,84.8,Waste,11.2,4.1,5,2.4,424
CAT 777E,84.8,Waste,10.4,4.9,27,2.4,2289.6
CAT 777F,84.8,High Grade,8.4,6.9,6,2.5,508.8
CAT 777E,84.8,Waste,12.1,3.2,6,2.7,508.8
CAT 785C,135.15,Waste,14.2,1.1,9,2.7,1216.35
KOMATSU HD785,84.8,Waste,8,7.3,17,3,1441.6
CAT 777F,84.8,Waste,12.4,2.9,2,3.3,169.6
CAT 785C,135.15,Waste,10.2,5.1,8,3.3,1081.2
CAT 777F,84.8,Waste,11.9,3.4,19,5.2,1611.2
CAT 777F,84.8,High Grade,6.1,9.3,4,1.5,339.2
CAT 777F,84.8,Low Grade,8.6,6.8,12,1.5,1017.6
CAT 777F,84.8,Waste,9.5,5.9,3,1.7,254.4
CAT 785C,135.15,Low Grade,8.5,6.9,5,1.8,675.75
KOMATSU HD785,84.8,Waste,12,3.4,32,2.5,2713.6
CAT 785C,135.15,Low Grade,9.8,5.6,3,2.8,405.45
CAT 777F,84.8,Waste,10.3,5.1,27,2.8,2289.6
CAT 777F,84.8,Low Grade,12.8,2.6,1,2.9,84.8
KOMATSU HD785,84.8,Low Grade,12.6,2.8,6,3,508.8
CAT 785C,135.15,Waste,11.3,4.1,7,4.9,946.05
CAT 777E,84.8,Low Grade,12.4,3,2,1.4,169.6
CAT 785C,135.15,Waste,7.9,7.5,12,1.7,1621.8
CAT 785C,135.15,Low Grade,8.1,7.3,2,1.9,270.3
CAT 777F,84.8,Waste,12,3.4,33,2,2798.4
CAT 785C,135.15,High Grade,10.4,5,3,2.1,405.45
CAT 777E,84.8,Waste,9.9,5.5,6,2.6,508.8
CAT 777F,84.8,Waste,11.8,3.6,15,3.2,1272
CAT 777F,84.8,Waste,13.1,2.3,11,4,932.8
CAT 777F,84.8,Waste,10.6,4.8,12,4.1,1017.6
CAT 777E,84.8,High Grade,11.8,3.6,1,8.3,84.8
CAT 777F,84.8,Waste,11.7,3.7,14,1.7,1187.2
CAT 777F,84.8,Low Grade,9.6,5.8,5,1.8,424
CAT 777F,84.8,Waste,10.7,4.7,3,3.3,254.4
CAT 777E,84.8,Waste,13,2.5,11,4.6,932.8
CAT 777F,84.8,High Grade,12.8,2.7,4,2,339.2
CAT 777E,84.8,Waste,12.2,3.3,3,2.1,254.4
CAT 777F,84.8,Waste,12.5,3,21,5.1,1780.8
CAT 785C,135.15,High Grade,7.1,8.4,3,1,405.45
CAT 777F,84.8,High Grade,10.2,5.3,2,1.1,169.6
CAT 777F,84.8,Low Grade,11.5,4,10,1.1,848
CAT 777E,84.8,Low Grade,12.9,2.6,3,1.3,254.4
CAT 777F,84.8,Waste,12.5,3,17,1.3,1441.6
CAT 777E,84.8,High Grade,11.4,4.1,8,1.4,678.4
CAT 777E,84.8,High Grade,9.9,5.6,3,1.8,254.4
CAT 785C,135.15,Waste,12.6,2.9,9,1.9,1216.35
CAT 777F,84.8,Waste,12.4,3.1,7,2.1,593.6
CAT 777E,84.8,Waste,12,3.5,31,2.5,2628.8
CAT 777F,84.8,Waste,11.2,4.3,1,2.6,84.8
CAT 777F,84.8,Waste,12.4,3.1,2,2.6,169.6
CAT 777E,84.8,Low Grade,11.9,3.6,8,2.6,678.4
CAT 785C,135.15,Waste,10.8,4.7,3,2.7,405.45
CAT 777F,84.8,Waste,11,4.5,7,2.8,593.6
CAT 777F,84.8,Waste,11.6,3.9,18,2.9,1526.4
CAT 777F,84.8,Waste,12.5,3,22,3.1,1865.6
CAT 777F,84.8,Waste,11.8,3.7,19,3.5,1611.2
CAT 785C,135.15,Waste,11.5,4,8,3.6,1081.2
CAT 777F,84.8,Low Grade,9.6,5.9,1,3.7,84.8
CAT 777E,84.8,Waste,11.1,4.4,37,3.9,3137.6
KOMATSU HD785,84.8,Waste,13.4,2.1,4,5.5,339.2
CAT 777F,84.8,Waste,13.9,1.6,2,5.6,169.6
KOMATSU HD1500,135.15,High Grade,11.6,3.9,1,7.3,135.15
CAT 785C,135.15,Waste,14.4,1.1,2,7.8,270.3
CAT 785C,135.15,Waste,6.7,8.8,12,1.9,1621.8
CAT 777E,84.8,Waste,12.6,2.9,2,3.2,169.6
CAT 777F,84.8,High Grade,8.9,6.7,4,1.5,339.2
CAT 777E,84.8,Waste,13.8,1.8,11,1.7,932.8
CAT 785C,135.15,Waste,7.6,8,36,2.3,4865.4
CAT 777F,84.8,Waste,12.6,3,29,2.6,2459.2
CAT 777F,84.8,Waste,12.2,3.4,12,2.9,1017.6
CAT 777E,84.8,Waste,10.9,4.7,18,2.9,1526.4
CAT 777F,84.8,Waste,12.2,3.4,28,2.9,2374.4
CAT 777F,84.8,Waste,11.8,3.8,19,3.2,1611.2
KOMATSU HD785,84.8,Waste,13.1,2.5,8,3.4,678.4
CAT 785C,135.15,Waste,11.9,3.7,3,3.8,405.45
CAT 777E,84.8,Waste,11.8,3.8,3,4.8,254.4
CAT 777E,84.8,Waste,10.4,5.2,18,13.8,1526.4
CAT 785C,135.15,Waste,10,5.6,10,0.6,1351.5
CAT 777E,84.8,High Grade,10.4,5.2,2,1.3,169.6
CAT 777F,84.8,High Grade,11.4,4.2,7,1.3,593.6
CAT 777E,84.8,Waste,8.5,7.1,35,1.9,2968
CAT 777E,84.8,Low Grade,11.8,3.8,2,2,169.6
CAT 785C,135.15,Waste,11.9,3.7,1,2.1,135.15
CAT 785C,135.15,High Grade,6.1,9.5,1,2.8,135.15
CAT 777F,84.8,Low Grade,7.1,8.5,1,2.9,84.8
CAT 777F,84.8,Waste,12.9,2.7,14,3,1187.2
CAT 777E,84.8,Waste,10.4,5.2,16,3,1356.8
CAT 777E,84.8,Waste,10.3,5.3,26,3.1,2204.8
CAT 777E,84.8,Waste,11.3,4.3,14,3.3,1187.2
CAT 777E,84.8,High Grade,8.7,6.9,2,3.4,169.6
CAT 777E,84.8,Waste,14.1,1.5,2,3.8,169.6
CAT 777E,84.8,Waste,12.3,3.3,6,3.8,508.8
KOMATSU HD785,84.8,High Grade,13.6,2,4,5.3,339.2
CAT 785C,135.15,Waste,13,2.6,2,5.7,270.3
CAT 785C,135.15,Waste,12.5,3.1,2,7.9,270.3
CAT 777E,84.8,Waste,14.2,1.4,4,0.8,339.2
CAT 777F,84.8,High Grade,9.4,6.2,3,0.9,254.4
CAT 777E,84.8,High Grade,11.7,3.9,2,2.2,169.6
CAT 777F,84.8,High Grade,10.8,4.8,2,2.4,169.6
CAT 777F,84.8,Waste,11.1,4.5,21,2.5,1780.8
CAT 777F,84.8,Waste,10.4,5.2,11,2.9,932.8
CAT 777E,84.8,Waste,10.5,5.1,24,3,2035.2
CAT 777E,84.8,Waste,11.1,4.5,8,3.1,678.4
CAT 785C,135.15,High Grade,6.6,9,2,3.4,270.3
CAT 777E,84.8,Waste,9.8,5.8,7,3.6,593.6
CAT 777F,84.8,Waste,13.2,2.4,10,3.7,848
CAT 777E,84.8,High Grade,11.2,4.4,3,4.9,254.4
CAT 777F,84.8,Waste,13.7,2,9,1.2,763.2
CAT 777F,84.8,High Grade,10.3,5.4,1,0.7,84.8
CAT 785C,135.15,Waste,8.3,7.4,7,1,946.05
CAT 777F,84.8,High Grade,11.9,3.8,3,1.2,254.4
CAT 777F,84.8,Low Grade,11.5,4.2,5,1.2,424
CAT 785C,135.15,High Grade,8.4,7.3,6,1.3,810.9
CAT 785C,135.15,Low Grade,9,6.7,6,1.5,810.9
CAT 777F,84.8,Low Grade,11,4.7,1,1.6,84.8
CAT 777F,84.8,Waste,10.3,5.4,27,1.7,2289.6
CAT 777F,84.8,High Grade,10.5,5.2,3,1.8,254.4
CAT 777F,84.8,Waste,11.9,3.8,9,1.9,763.2
CAT 777F,84.8,Waste,9.1,6.6,25,1.9,2120
CAT 777F,84.8,Waste,12,3.7,3,2,254.4
CAT 777F,84.8,High Grade,11.1,4.6,3,2,254.4
CAT 777E,84.8,Waste,9.2,6.5,10,2.1,848
CAT 785C,135.15,Waste,13.5,2.2,18,2.1,2432.7
CAT 785C,135.15,Waste,9.7,6,3,2.2,405.45
CAT 777E,84.8,Waste,12.1,3.6,20,2.2,1696
KOMATSU HD785,84.8,Waste,12.7,3,3,2.5,254.4
CAT 777F,84.8,Waste,9.5,6.2,2,2.8,169.6
CAT 777E,84.8,Waste,11.2,4.5,3,2.9,254.4
CAT 777E,84.8,Waste,11,4.7,2,3,169.6
CAT 785C,135.15,Waste,10.1,5.6,2,3.1,270.3
CAT 777E,84.8,Waste,10.7,5,3,3.1,254.4
CAT 777F,84.8,Waste,12.1,3.6,5,3.1,424
CAT 777F,84.8,Waste,11.9,3.8,22,3.1,1865.6
CAT 777E,84.8,Waste,12.5,3.2,32,3.2,2713.6
CAT 777F,84.8,Waste,7.8,7.9,8,3.3,678.4
CAT 777F,84.8,Waste,13.1,2.6,10,3.3,848
CAT 785C,135.15,Low Grade,12.5,3.2,2,4,270.3
CAT 785C,135.15,Waste,11.9,3.8,2,4,270.3
KOMATSU HD785,84.8,Waste,10.2,5.5,7,4,593.6
CAT 777E,84.8,Waste,14.1,1.6,7,4.1,593.6
CAT 777F,84.8,Waste,12.9,2.8,4,4.2,339.2
CAT 777F,84.8,Waste,12.2,3.5,11,4.2,932.8
CAT 777E,84.8,Waste,14.4,1.3,1,4.3,84.8
KOMATSU HD785,84.8,Waste,13.3,2.4,1,4.4,84.8
CAT 777E,84.8,High Grade,13.4,2.3,7,4.4,593.6
CAT 777E,84.8,Waste,11.7,4,6,5.1,508.8
CAT 777E,84.8,Waste,12.3,3.4,4,5.4,339.2
CAT 777F,84.8,High Grade,8.3,7.4,5,9.3,424
CAT 777F,84.8,Waste,12,3.7,19,2.1,1611.2
CAT 777F,84.8,Waste,12.1,3.6,5,2.8,424
CAT 777E,84.8,Waste,11.2,4.5,6,2.9,508.8
CAT 777E,84.8,Waste,11.7,4,7,2.9,593.6
CAT 777E,84.8,Waste,13.6,2.1,4,3.2,339.2
CAT 777E,84.8,Waste,8.8,6.9,9,3.6,763.2
CAT 777F,84.8,Low Grade,10.7,5,1,3.7,84.8
CAT 785C,135.15,Waste,10.1,5.6,3,4.3,405.45
CAT 785C,135.15,Waste,8.5,7.2,1,7.4,135.15
CAT 777F,84.8,Waste,13,2.8,2,2.4,169.6
CAT 777E,84.8,Waste,11.8,4,14,3.5,1187.2
CAT 785C,135.15,High Grade,8.5,7.3,3,1.8,405.45
CAT 777E,84.8,Waste,13.6,2.2,5,2.4,424
CAT 785C,135.15,Waste,13.4,2.4,23,2.4,3108.45
CAT 777F,84.8,Waste,11.4,4.4,3,2.5,254.4
CAT 777F,84.8,Waste,13.7,2.1,2,2.6,169.6
CAT 777E,84.8,Waste,11.9,3.9,4,2.7,339.2
CAT 777F,84.8,Waste,10.8,5,15,2.8,1272
CAT 785C,135.15,Waste,13.6,2.2,1,3.8,135.15
CAT 777E,84.8,Waste,13.6,2.2,14,4.7,1187.2
CAT 785C,135.15,Waste,13.8,2,4,5.5,540.6
KOMATSU HD785,84.8,High Grade,10.9,4.9,3,0.9,254.4
CAT 777F,84.8,Low Grade,12.7,3.1,12,1.2,1017.6
CAT 777F,84.8,High Grade,11.9,3.9,4,1.4,339.2
CAT 777F,84.8,Waste,9.5,6.3,1,1.6,84.8
CAT 777E,84.8,High Grade,8,7.8,6,1.6,508.8
CAT 785C,135.15,Low Grade,11.3,4.5,2,1.7,270.3
CAT 777E,84.8,High Grade,10.8,5,4,1.7,339.2
CAT 785C,135.15,Waste,11.4,4.4,1,2,135.15
CAT 777F,84.8,Low Grade,12.4,3.4,3,2.1,254.4
CAT 777F,84.8,Waste,10,5.8,31,2.1,2628.8
CAT 777F,84.8,Waste,10.1,5.7,31,2.1,2628.8
CAT 777E,84.8,Waste,15.2,0.6,2,2.2,169.6
CAT 777F,84.8,High Grade,11.7,4.1,6,2.4,508.8
CAT 777F,84.8,Waste,12,3.8,29,2.6,2459.2
CAT 777F,84.8,Waste,9.8,6,10,2.7,848
CAT 777F,84.8,Waste,13,2.8,37,2.7,3137.6
CAT 777E,84.8,Low Grade,12.1,3.7,1,2.9,84.8
CAT 777F,84.8,Waste,12.7,3.1,9,3,763.2
CAT 785C,135.15,Waste,14.3,1.5,1,3.7,135.15
KOMATSU HD785,84.8,Waste,12.7,3.1,3,3.9,254.4
CAT 777E,84.8,High Grade,10,5.8,1,4.3,84.8
CAT 777F,84.8,Waste,10.3,5.5,2,5.9,169.6
CAT 785C,135.15,Waste,15.1,0.7,1,7.4,135.15
CAT 777F,84.8,Low Grade,11.8,4.1,1,0.9,84.8
CAT 785C,135.15,Waste,12.2,3.7,6,1.4,810.9
CAT 777F,84.8,Waste,13.5,2.4,8,1.6,678.4
CAT 777E,84.8,High Grade,11.8,4.1,7,1.8,593.6
CAT 777F,84.8,Low Grade,12.5,3.4,9,1.9,763.2
CAT 777F,84.8,Waste,10.5,5.4,5,2.5,424
CAT 777E,84.8,Waste,10.8,5.1,14,2.5,1187.2
CAT 777F,84.8,Waste,12.7,3.2,23,3,1950.4
CAT 777F,84.8,Waste,10.6,5.3,32,3.2,2713.6
CAT 785C,135.15,High Grade,10.6,5.3,1,3.8,135.15
CAT 777F,84.8,Waste,12.1,3.8,6,3.8,508.8
CAT 777E,84.8,High Grade,10.7,5.2,3,0.9,254.4
CAT 785C,135.15,High Grade,11.4,4.5,5,1.8,675.75
CAT 785C,135.15,Waste,8.3,7.6,2,1.9,270.3
CAT 777E,84.8,Waste,11.9,4,10,2.5,848
CAT 777E,84.8,Waste,11,4.9,25,3,2120
CAT 777F,84.8,Waste,11.9,4,16,3.1,1356.8
CAT 777E,84.8,Waste,12.1,3.8,12,3.2,1017.6
CAT 777E,84.8,Waste,13.1,2.8,4,3.7,339.2
CAT 785C,135.15,Waste,10.7,5.2,1,4.1,135.15
CAT 777E,84.8,Waste,13.5,2.4,2,5.6,169.6
CAT 785C,135.15,Waste,11.1,4.8,1,7.2,135.15
CAT 785C,135.15,Waste,11.2,4.7,2,7.4,270.3
CAT 777E,84.8,Waste,10.6,5.3,23,1.7,1950.4
CAT 785C,135.15,High Grade,8.6,7.3,5,1.8,675.75
CAT 777F,84.8,High Grade,9.7,6.2,2,2,169.6
CAT 777F,84.8,Waste,9.1,6.8,7,2.1,593.6
CAT 777F,84.8,Waste,10.8,5.1,8,2.9,678.4
CAT 777F,84.8,Waste,11.3,4.6,15,2.9,1272
CAT 777F,84.8,Waste,12.7,3.2,31,3.1,2628.8
CAT 777F,84.8,Waste,12,3.9,4,3.2,339.2
CAT 785C,135.15,Waste,10.2,5.7,1,4,135.15
CAT 777F,84.8,Waste,9.9,6.1,7,2.7,593.6
CAT 777E,84.8,Waste,14.5,1.5,8,2.2,678.4
CAT 777F,84.8,High Grade,12.7,3.3,2,2.3,169.6
CAT 777F,84.8,Waste,12.3,3.7,17,2.8,1441.6
CAT 777F,84.8,Waste,12.4,3.6,33,3,2798.4
CAT 777E,84.8,Waste,14.1,1.9,3,3.1,254.4
CAT 777E,84.8,Waste,11.3,4.7,2,4.1,169.6
CAT 785C,135.15,High Grade,9.1,6.9,1,7,135.15
CAT 777F,84.8,High Grade,11.4,4.6,2,1,169.6
CAT 777F,84.8,High Grade,11.6,4.4,3,1.4,254.4
CAT 777F,84.8,High Grade,6.8,9.2,9,1.4,763.2
CAT 785C,135.15,Waste,9.1,6.9,26,1.6,3513.9
CAT 777F,84.8,High Grade,11.4,4.6,4,1.7,339.2
CAT 785C,135.15,Waste,12.2,3.8,18,1.8,2432.7
CAT 785C,135.15,Waste,10.4,5.6,16,1.9,2162.4
CAT 777F,84.8,Low Grade,13.4,2.6,5,2.1,424
CAT 777F,84.8,Waste,10.4,5.6,31,2.1,2628.8
CAT 777E,84.8,High Grade,12,4,3,2.2,254.4
CAT 777F,84.8,Waste,14,2,6,2.2,508.8
KOMATSU HD785,84.8,High Grade,12,4,4,2.3,339.2
CAT 777E,84.8,Waste,12.9,3.1,37,2.4,3137.6
CAT 777E,84.8,Waste,12.4,3.6,11,2.6,932.8
CAT 777F,84.8,Waste,12.7,3.3,12,2.6,1017.6
CAT 785C,135.15,High Grade,6.1,9.9,1,2.7,135.15
CAT 777F,84.8,Waste,12.3,3.7,18,2.7,1526.4
CAT 777F,84.8,Waste,12.8,3.2,30,2.8,2544
CAT 777E,84.8,Waste,9.5,6.5,31,3,2628.8
CAT 777F,84.8,Waste,13.8,2.2,5,3.1,424
CAT 777F,84.8,Waste,12.8,3.2,5,3.1,424
CAT 777E,84.8,Waste,12.6,3.4,10,3.1,848
CAT 777F,84.8,Waste,11.8,4.2,23,3.1,1950.4
CAT 777F,84.8,Waste,8.4,7.6,7,3.2,593.6
CAT 777E,84.8,Waste,12.5,3.5,14,3.2,1187.2
CAT 777F,84.8,Waste,9.8,6.2,11,3.3,932.8
CAT 777F,84.8,Waste,10.7,5.3,32,3.3,2713.6
CAT 777E,84.8,Waste,11.7,4.3,18,3.4,1526.4
CAT 785C,135.15,Waste,10.8,5.2,24,3.4,3243.6
KOMATSU HD785,84.8,Waste,10.9,5.1,7,4,593.6
CAT 777F,84.8,Waste,10.8,5.2,2,5.2,169.6
CAT 777F,84.8,Waste,8.3,7.7,3,2.2,254.4
CAT 777E,84.8,High Grade,12.7,3.4,1,0.7,84.8
CAT 777F,84.8,Waste,8.6,7.5,13,1.9,1102.4
CAT 785C,135.15,Waste,10.6,5.5,1,2.1,135.15
CAT 785C,135.15,Waste,10.6,5.5,8,2.4,1081.2
CAT 777F,84.8,Waste,11.6,4.5,21,2.7,1780.8
CAT 777E,84.8,Waste,11.6,4.5,11,2.9,932.8
CAT 777F,84.8,Waste,12.6,3.5,20,2.9,1696
CAT 777F,84.8,Low Grade,10.3,5.8,2,3.2,169.6
CAT 777F,84.8,Waste,11.7,4.4,38,4,3222.4
CAT 777F,84.8,Waste,12.3,3.8,4,4.1,339.2
CAT 785C,135.15,Waste,12.9,3.2,20,5.1,2703
CAT 777F,84.8,High Grade,7,9.1,9,1.2,763.2
CAT 777F,84.8,Low Grade,11.8,4.3,3,1.6,254.4
CAT 777F,84.8,High Grade,12.8,3.3,1,1.7,84.8
CAT 777E,84.8,High Grade,10.4,5.7,3,1.8,254.4
CAT 777E,84.8,Low Grade,11.1,5,4,1.8,339.2
CAT 777F,84.8,Low Grade,10.9,5.2,4,1.8,339.2
CAT 785C,135.15,Waste,7.5,8.6,27,1.8,3649.05
CAT 777F,84.8,Waste,13.9,2.2,6,2.2,508.8
CAT 777E,84.8,High Grade,10.5,5.6,2,2.4,169.6
CAT 777F,84.8,Waste,10.8,5.3,6,2.4,508.8
CAT 785C,135.15,Waste,10.7,5.4,10,2.4,1351.5
CAT 777E,84.8,Waste,13,3.1,28,2.4,2374.4
CAT 777E,84.8,Waste,11.4,4.7,7,2.5,593.6
CAT 777F,84.8,Waste,13.6,2.5,34,2.6,2883.2
CAT 777F,84.8,Waste,12,4.1,11,2.7,932.8
CAT 777F,84.8,Low Grade,8.6,7.5,1,2.8,84.8
CAT 777F,84.8,Low Grade,12.9,3.2,4,2.8,339.2
CAT 777F,84.8,Low Grade,11.8,4.3,1,2.9,84.8
CAT 777F,84.8,Waste,12.9,3.2,2,3.2,169.6
CAT 777F,84.8,Waste,10.9,5.2,5,3.3,424
CAT 777F,84.8,Waste,11.9,4.2,10,3.4,848
CAT 777E,84.8,Waste,10,6.1,8,3.5,678.4
CAT 777F,84.8,Waste,12.4,3.7,19,3.5,1611.2
CAT 777F,84.8,Waste,12.5,3.6,3,3.6,254.4
CAT 777F,84.8,Waste,12.5,3.6,11,3.7,932.8
CAT 777E,84.8,Waste,14.1,2,1,4.2,84.8
CAT 785C,135.15,Waste,13.2,2.9,1,4.2,135.15
KOMATSU HD1500,135.15,Waste,14.3,1.8,5,5.3,675.75
CAT 785C,135.15,Waste,13.8,2.3,4,8.1,540.6
KOMATSU HD1500,135.15,Waste,14.1,2,3,12.5,405.45
CAT 777E,84.8,High Grade,13.1,3.1,5,0.8,424
CAT 777F,84.8,High Grade,11.7,4.5,3,1,254.4
CAT 777E,84.8,Low Grade,5.4,10.8,2,1.2,169.6
CAT 785C,135.15,Low Grade,11.5,4.7,2,1.2,270.3
CAT 777F,84.8,High Grade,10.6,5.6,4,1.4,339.2
CAT 777E,84.8,Waste,9.1,7.1,10,1.6,848
CAT 777F,84.8,High Grade,7.6,8.6,3,1.9,254.4
CAT 777F,84.8,High Grade,9.9,6.3,6,1.9,508.8
CAT 777F,84.8,Waste,10.2,6,9,1.9,763.2
CAT 777F,84.8,Waste,13.2,3,7,2,593.6
CAT 777F,84.8,Low Grade,7.4,8.8,4,2.1,339.2
CAT 777F,84.8,Waste,13.5,2.7,10,2.1,848
CAT 777F,84.8,Waste,10.2,6,19,2.1,1611.2
CAT 777F,84.8,Waste,13.6,2.6,29,2.4,2459.2
CAT 777F,84.8,Waste,13.3,2.9,12,2.6,1017.6
KOMATSU HD785,84.8,Waste,12.1,4.1,4,2.7,339.2
CAT 777F,84.8,Waste,12.5,3.7,5,2.7,424
CAT 777F,84.8,Waste,11.3,4.9,13,2.8,1102.4
CAT 777E,84.8,Waste,12.4,3.8,32,2.8,2713.6
CAT 777E,84.8,High Grade,10.9,5.3,3,3,254.4
CAT 777F,84.8,High Grade,12.5,3.7,5,3.1,424
CAT 777F,84.8,Waste,12.4,3.8,30,3.1,2544
CAT 777E,84.8,Waste,12.3,3.9,4,4.6,339.2
CAT 785C,135.15,Waste,12.6,3.6,5,4.7,675.75
CAT 777F,84.8,High Grade,13.1,3.1,1,4.8,84.8
CAT 785C,135.15,Waste,12.9,3.3,11,6.1,1486.65
CAT 785C,135.15,Waste,6,10.2,2,6.3,270.3
CAT 777F,84.8,Waste,7.9,8.3,33,0.8,2798.4
CAT 777F,84.8,Low Grade,13.2,3,2,0.9,169.6
CAT 777F,84.8,High Grade,5.8,10.4,9,1.4,763.2
CAT 777F,84.8,Low Grade,8.7,7.5,9,2,763.2
CAT 785C,135.15,Waste,10.2,6,37,2,5000.55
CAT 777F,84.8,High Grade,11.3,4.9,2,2.3,169.6
CAT 777F,84.8,Waste,11.5,4.8,11,1.6,932.8
CAT 777E,84.8,Waste,13.7,2.6,1,1.9,84.8
CAT 777F,84.8,Waste,13.6,2.7,12,2,1017.6
CAT 777F,84.8,Waste,13.3,3,8,2.1,678.4
CAT 777F,84.8,Waste,11.2,5.1,2,2.6,169.6
CAT 777F,84.8,Waste,10.1,6.2,12,2.7,1017.6
CAT 777F,84.8,Waste,11.5,4.8,25,2.7,2120
CAT 777F,84.8,Waste,12.4,3.9,23,3.2,1950.4
CAT 777E,84.8,Waste,10.6,5.7,1,3.9,84.8
CAT 785C,135.15,Waste,13.8,2.5,11,4.7,1486.65
CAT 777F,84.8,Waste,11.3,5,2,5.3,169.6
CAT 777F,84.8,Low Grade,13,3.3,2,0.9,169.6
CAT 777E,84.8,High Grade,13.2,3.1,4,0.9,339.2
CAT 777E,84.8,Low Grade,12.6,3.7,10,1.1,848
CAT 777F,84.8,Low Grade,11,5.3,1,1.2,84.8
CAT 785C,135.15,Waste,12.5,3.8,4,1.5,540.6
CAT 777F,84.8,High Grade,7.3,9,4,1.5,339.2
CAT 777E,84.8,High Grade,11.3,5,8,1.6,678.4
CAT 777F,84.8,High Grade,10.1,6.2,1,1.9,84.8
CAT 777E,84.8,Low Grade,11.6,4.7,4,2,339.2
CAT 785C,135.15,Waste,12.3,4,9,2,1216.35
CAT 777F,84.8,Waste,12,4.3,30,2.4,2544
CAT 777F,84.8,Waste,12.4,3.9,3,2.5,254.4
CAT 777E,84.8,High Grade,12.5,3.8,6,2.5,508.8
CAT 777F,84.8,Waste,12,4.3,15,2.5,1272
CAT 777F,84.8,Waste,12.1,4.2,3,2.7,254.4
CAT 777E,84.8,Waste,14.4,1.9,18,2.7,1526.4
CAT 777E,84.8,High Grade,12.5,3.8,2,2.8,169.6
CAT 777E,84.8,Waste,13.5,2.8,2,3,169.6
CAT 785C,135.15,Waste,9.7,6.6,16,3.1,2162.4
CAT 777F,84.8,Waste,13.1,3.2,19,3.1,1611.2
CAT 777F,84.8,Waste,10.6,5.7,1,3.2,84.8
CAT 777E,84.8,High Grade,10.9,5.4,2,3.2,169.6
CAT 777F,84.8,Waste,11.5,4.8,9,3.2,763.2
CAT 777E,84.8,Waste,10.2,6.1,29,3.3,2459.2
CAT 777E,84.8,Waste,11.4,4.9,19,3.5,1611.2
CAT 777F,84.8,Waste,11.8,4.5,37,3.8,3137.6
CAT 777F,84.8,Waste,11.2,5.1,38,3.9,3222.4
CAT 785C,135.15,Waste,14.8,1.5,10,4.3,1351.5
CAT 777E,84.8,High Grade,14.4,1.9,3,4.5,254.4
CAT 777F,84.8,Waste,12.1,4.2,17,5.1,1441.6
CAT 785C,135.15,High Grade,9,7.3,1,9.5,135.15
CAT 785C,135.15,Waste,13.4,2.9,1,10.3,135.15
CAT 777F,84.8,Waste,11.2,5.1,29,3.3,2459.2
CAT 777F,84.8,Waste,8.1,8.3,34,0.8,2883.2
CAT 777F,84.8,Low Grade,13.6,2.8,2,0.9,169.6
CAT 777F,84.8,High Grade,12.7,3.7,5,1.5,424
CAT 777F,84.8,Low Grade,10.3,6.1,6,1.6,508.8
CAT 777F,84.8,Waste,13.2,3.2,26,1.6,2204.8
CAT 777E,84.8,High Grade,10.7,5.7,4,1.7,339.2
CAT 777F,84.8,Low Grade,10.8,5.6,6,1.8,508.8
CAT 777F,84.8,Waste,13.8,2.6,10,1.8,848
CAT 777F,84.8,Waste,12.5,3.9,23,1.8,1950.4
CAT 777F,84.8,High Grade,10.1,6.3,6,1.9,508.8
CAT 785C,135.15,Waste,13,3.4,14,1.9,1892.1
CAT 777F,84.8,High Grade,12.4,4,5,2,424
CAT 777F,84.8,Waste,11.8,4.6,28,2,2374.4
CAT 777E,84.8,Waste,11.5,4.9,33,2.3,2798.4
KOMATSU HD785,84.8,Waste,14.4,2,88,2.4,7462.4
CAT 777E,84.8,High Grade,12,4.4,7,2.5,593.6
CAT 777E,84.8,High Grade,12.2,4.2,7,2.5,593.6
KOMATSU HD785,84.8,Waste,13,3.4,35,2.5,2968
CAT 777F,84.8,Waste,11,5.4,5,2.6,424
CAT 785C,135.15,Waste,8.2,8.2,15,2.9,2027.25
CAT 777F,84.8,Waste,12.9,3.5,31,3,2628.8
CAT 777F,84.8,Waste,13.2,3.2,2,3.2,169.6
CAT 777E,84.8,Waste,13.8,2.6,2,3.4,169.6
CAT 785C,135.15,Waste,14,2.4,12,3.4,1621.8
CAT 785C,135.15,Waste,14.6,1.8,13,3.8,1756.95
KOMATSU HD785,84.8,Waste,13.9,2.5,2,4,169.6
CAT 785C,135.15,Waste,9.5,6.9,11,4,1486.65
CAT 777E,84.8,Waste,11.9,4.5,1,4.2,84.8
CAT 777E,84.8,Waste,15.4,1,2,4.8,169.6
CAT 785C,135.15,Waste,11,5.4,33,5.1,4459.95
CAT 777F,84.8,Waste,14.1,2.3,1,5.3,84.8
CAT 785C,135.15,Waste,12.6,3.8,2,5.3,270.3
CAT 777F,84.8,Waste,11.9,4.5,31,5.3,2628.8
CAT 777F,84.8,High Grade,11.2,5.2,3,1.5,254.4
CAT 785C,135.15,Waste,14.7,1.7,6,1.8,810.9
CAT 777F,84.8,Waste,12.2,4.2,21,1.8,1780.8
CAT 777E,84.8,Waste,11.2,5.2,27,1.9,2289.6
CAT 777F,84.8,Waste,10,6.4,3,2,254.4
CAT 777E,84.8,Waste,11.9,4.5,7,2.7,593.6
CAT 777F,84.8,Waste,13.5,2.9,18,2.9,1526.4
CAT 777E,84.8,High Grade,13.7,2.7,7,3.9,593.6
CAT 785C,135.15,Waste,12,4.4,23,4.2,3108.45
CAT 785C,135.15,Waste,12.4,4,12,4.5,1621.8
CAT 777F,84.8,Waste,11.1,5.3,8,5.3,678.4
CAT 777F,84.8,High Grade,11.6,4.9,6,1.2,508.8
CAT 777F,84.8,Waste,12.9,3.6,6,2,508.8
CAT 777F,84.8,Waste,12.8,3.7,12,2.6,1017.6
CAT 777F,84.8,High Grade,13.4,3.1,3,0.8,254.4
CAT 777F,84.8,Waste,14.3,2.2,4,1.3,339.2
CAT 777F,84.8,Low Grade,13.2,3.3,4,1.3,339.2
CAT 777F,84.8,High Grade,8.3,8.2,6,1.4,508.8
CAT 785C,135.15,Waste,10.9,5.6,13,1.4,1756.95
CAT 777E,84.8,High Grade,9.6,6.9,1,1.7,84.8
CAT 785C,135.15,Waste,7.9,8.6,12,1.7,1621.8
CAT 777F,84.8,Waste,13.8,2.7,11,1.9,932.8
CAT 777E,84.8,High Grade,11.5,5,5,2,424
CAT 777E,84.8,High Grade,11.5,5,4,2.1,339.2
CAT 777E,84.8,Low Grade,9.7,6.8,3,2.2,254.4
CAT 777E,84.8,Waste,11.2,5.3,6,2.5,508.8
CAT 777F,84.8,Waste,11.4,5.1,6,2.6,508.8
CAT 777E,84.8,Waste,13.2,3.3,3,2.7,254.4
CAT 777F,84.8,Waste,11.7,4.8,28,2.7,2374.4
CAT 777F,84.8,Waste,12.6,3.9,35,2.7,2968
CAT 777F,84.8,Waste,14.3,2.2,18,2.8,1526.4
CAT 777F,84.8,Waste,11.3,5.2,28,2.8,2374.4
CAT 777F,84.8,Waste,11.2,5.3,8,2.9,678.4
CAT 777F,84.8,Waste,13.5,3,17,3,1441.6
CAT 777F,84.8,Waste,11.3,5.2,31,3.2,2628.8
CAT 777E,84.8,Waste,12.5,4,15,3.4,1272
CAT 777F,84.8,Waste,12.3,4.2,8,3.5,678.4
CAT 777E,84.8,Waste,11,5.5,10,3.6,848
KOMATSU HD785,84.8,Waste,12.3,4.2,10,3.6,848
CAT 777E,84.8,Waste,10.8,5.7,1,3.8,84.8
CAT 777F,84.8,Waste,13.7,2.8,28,3.9,2374.4
CAT 777E,84.8,Waste,10,6.5,13,4,1102.4
CAT 777E,84.8,High Grade,7.2,9.3,3,4.5,254.4
CAT 785C,135.15,Waste,12,4.5,7,5.1,946.05
CAT 785C,135.15,Waste,12.9,3.6,5,5.2,675.75
CAT 785C,135.15,Waste,11.7,4.8,22,5.2,2973.3
CAT 785C,135.15,Waste,12.6,3.9,1,6.9,135.15
CAT 785C,135.15,Waste,12.2,4.3,1,6.9,135.15
CAT 777E,84.8,High Grade,14.9,1.6,1,7.1,84.8
CAT 777E,84.8,Waste,15,1.5,1,8.3,84.8
CAT 777F,84.8,Waste,11.7,4.8,7,3.5,593.6
CAT 777E,84.8,Waste,12,4.5,14,4,1187.2
CAT 777F,84.8,Low Grade,9.5,7.1,4,1.5,339.2
CAT 785C,135.15,Low Grade,12.8,3.8,7,2,946.05
CAT 777E,84.8,Waste,9.4,7.2,7,2.5,593.6
CAT 785C,135.15,Waste,11.5,5.1,26,2.6,3513.9
CAT 777E,84.8,Waste,11.2,5.4,8,2.7,678.4
CAT 777F,84.8,Waste,11.1,5.5,24,2.8,2035.2
CAT 777E,84.8,Waste,12.1,4.5,4,2.9,339.2
CAT 777F,84.8,Waste,13.6,3,22,3,1865.6
KOMATSU HD785,84.8,Waste,11,5.6,16,3.1,1356.8
CAT 777E,84.8,Waste,11.1,5.5,34,3.1,2883.2
CAT 777F,84.8,Waste,14,2.6,3,3.7,254.4
CAT 777F,84.8,Waste,12.6,4,19,3.7,1611.2
CAT 777E,84.8,Waste,11.6,5,5,3.8,424
CAT 777E,84.8,Waste,12.4,4.2,28,3.8,2374.4
CAT 785C,135.15,Waste,14.9,1.7,1,8.2,135.15
CAT 777F,84.8,High Grade,12.3,4.3,1,1.2,84.8
KOMATSU HD785,84.8,Waste,14.3,2.3,54,1.5,4579.2
CAT 777F,84.8,High Grade,10.7,5.9,6,1.6,508.8
CAT 785C,135.15,Waste,11.4,5.2,8,1.6,1081.2
CAT 785C,135.15,Waste,12.4,4.2,5,1.7,675.75
CAT 777E,84.8,High Grade,10.3,6.3,2,1.8,169.6
CAT 777E,84.8,Waste,14.4,2.2,7,1.8,593.6
CAT 777E,84.8,High Grade,11.3,5.3,7,1.8,593.6
CAT 785C,135.15,High Grade,7.5,9.1,6,1.9,810.9
CAT 777E,84.8,High Grade,9.6,7,5,2,424
CAT 785C,135.15,High Grade,9.8,6.8,6,2,810.9
CAT 777F,84.8,High Grade,9.5,7.1,7,2,593.6
CAT 777F,84.8,Low Grade,8.8,7.8,9,2,763.2
CAT 777E,84.8,High Grade,16.2,0.4,2,2.1,169.6
CAT 777F,84.8,Waste,12.9,3.7,33,2.1,2798.4
CAT 777F,84.8,Waste,12.2,4.4,5,2.3,424
CAT 785C,135.15,Low Grade,9.9,6.7,5,2.3,675.75
CAT 777E,84.8,High Grade,10.2,6.4,2,2.5,169.6
CAT 777F,84.8,Waste,12.1,4.5,25,2.5,2120
CAT 777E,84.8,Waste,13.6,3,31,2.5,2628.8
CAT 777E,84.8,Waste,14,2.6,32,2.5,2713.6
CAT 777F,84.8,Waste,13.7,2.9,33,2.5,2798.4
CAT 777F,84.8,High Grade,4.7,11.9,1,2.6,84.8
CAT 777E,84.8,High Grade,12.9,3.7,2,2.6,169.6
CAT 777F,84.8,Waste,12.1,4.5,20,2.6,1696
CAT 777E,84.8,High Grade,12.2,4.4,1,2.9,84.8
CAT 777F,84.8,Waste,13.2,3.4,13,2.9,1102.4
CAT 777F,84.8,Waste,13.1,3.5,13,2.9,1102.4
CAT 777F,84.8,Low Grade,6.3,10.3,2,3,169.6
CAT 777F,84.8,Waste,11.8,4.8,8,3.1,678.4
CAT 777F,84.8,Waste,12.1,4.5,15,3.1,1272
CAT 777F,84.8,Waste,13.2,3.4,11,3.2,932.8
CAT 777E,84.8,Waste,10.7,5.9,5,3.4,424
CAT 777E,84.8,Waste,13.2,3.4,16,3.5,1356.8
CAT 777E,84.8,Waste,11.5,5.1,21,3.7,1780.8
CAT 777F,84.8,Waste,12.5,4.1,5,3.8,424
CAT 777F,84.8,Waste,10.2,6.4,1,4,84.8
CAT 785C,135.15,Waste,14.6,2,6,4.2,810.9
CAT 777F,84.8,Waste,14.2,2.4,2,4.4,169.6
CAT 777E,84.8,Waste,14.7,1.9,10,4.9,848
CAT 785C,135.15,Waste,9,7.6,3,5.3,405.45
CAT 777F,84.8,Waste,8.3,8.4,32,0.8,2713.6
CAT 777E,84.8,Waste,12.7,4,1,1.3,84.8
CAT 777E,84.8,High Grade,12.9,3.8,2,1.4,169.6
CAT 785C,135.15,High Grade,7.2,9.5,2,1.5,270.3
CAT 777F,84.8,Low Grade,13.5,3.2,5,1.5,424
CAT 777F,84.8,High Grade,12,4.7,6,1.5,508.8
CAT 777F,84.8,Waste,13.4,3.3,24,1.5,2035.2
CAT 777E,84.8,High Grade,7.7,9,1,1.7,84.8
CAT 777F,84.8,Waste,11.4,5.3,2,1.7,169.6
CAT 777E,84.8,Waste,11.8,4.9,3,1.7,254.4
CAT 777F,84.8,Low Grade,12.6,4.1,10,1.7,848
CAT 785C,135.15,Waste,8.8,7.9,13,1.7,1756.95
CAT 785C,135.15,Waste,11,5.7,5,1.8,675.75
CAT 777E,84.8,High Grade,11.2,5.5,6,1.9,508.8
CAT 777F,84.8,Low Grade,10.3,6.4,1,2,84.8
CAT 777E,84.8,High Grade,11.7,5,6,2.3,508.8
CAT 777F,84.8,High Grade,12.4,4.3,3,2.7,254.4
CAT 777F,84.8,Waste,11.2,5.5,8,2.7,678.4
CAT 777E,84.8,Waste,11.3,5.4,26,2.7,2204.8
CAT 785C,135.15,Waste,12.4,4.3,12,2.8,1621.8
CAT 777F,84.8,Low Grade,12.5,4.2,1,2.9,84.8
CAT 777E,84.8,Waste,11.5,5.2,4,2.9,339.2
CAT 777E,84.8,Waste,12.9,3.8,7,3,593.6
CAT 777E,84.8,Waste,11,5.7,30,3.1,2544
CAT 777F,84.8,Waste,13.3,3.4,17,3.2,1441.6
CAT 777E,84.8,Waste,11.6,5.1,29,3.2,2459.2
CAT 777F,84.8,Waste,13.6,3.1,2,3.3,169.6
CAT 777E,84.8,Waste,14.3,2.4,16,3.3,1356.8
CAT 785C,135.15,Waste,11.7,5,10,3.7,1351.5
CAT 785C,135.15,High Grade,12.5,4.2,2,3.9,270.3
CAT 777F,84.8,Waste,14.1,2.6,14,4,1187.2
CAT 785C,135.15,Waste,13.8,2.9,14,4.2,1892.1
CAT 785C,135.15,Waste,13.8,2.9,1,4.3,135.15
CAT 785C,135.15,Waste,11.2,5.5,31,5.1,4189.65
CAT 785C,135.15,Waste,13.3,3.4,2,5.5,270.3
CAT 785C,135.15,Waste,13.9,2.8,3,5.7,405.45
CAT 785C,135.15,Waste,12.7,4,4,8.1,540.6
CAT 785C,135.15,Waste,13.2,3.5,2,8.3,270.3
CAT 777E,84.8,High Grade,8.3,8.4,4,1.6,339.2
CAT 777E,84.8,High Grade,10.3,6.4,8,2.2,678.4
CAT 785C,135.15,Low Grade,10.6,6.1,6,2.4,810.9
CAT 785C,135.15,Waste,11.2,5.5,6,3,810.9
CAT 785C,135.15,Waste,10,6.7,6,4.2,810.9
CAT 777E,84.8,Waste,12.3,4.4,8,4.6,678.4
CAT 777F,84.8,Low Grade,4.7,12.1,2,0.5,169.6
CAT 777F,84.8,Waste,11.6,5.2,32,1.6,2713.6
CAT 777F,84.8,High Grade,10.1,6.7,2,1.7,169.6
CAT 777F,84.8,Waste,8.7,8.1,2,1.9,169.6
CAT 777E,84.8,Waste,10.7,6.1,2,2,169.6
CAT 777F,84.8,Waste,15.1,1.7,5,2.1,424
CAT 785C,135.15,Low Grade,10.8,6,4,2.6,540.6
CAT 777F,84.8,Waste,13.4,3.4,1,2.9,84.8
CAT 777F,84.8,Waste,12.4,4.4,19,3,1611.2
CAT 777E,84.8,Waste,11.9,4.9,22,3.9,1865.6
CAT 777F,84.8,Waste,11.9,4.9,5,4,424
CAT 777F,84.8,Low Grade,7.2,9.6,2,1.4,169.6
CAT 777F,84.8,Low Grade,12.9,3.9,4,1.5,339.2
CAT 777E,84.8,Waste,14.7,2.1,2,2,169.6
CAT 777F,84.8,High Grade,12.2,4.6,3,2.1,254.4
CAT 777F,84.8,Waste,10.4,6.4,3,2.2,254.4
CAT 777F,84.8,Waste,13.7,3.1,2,2.4,169.6
CAT 777F,84.8,Waste,11.1,5.7,20,2.5,1696
CAT 777E,84.8,Waste,13.8,3,5,2.7,424
CAT 785C,135.15,Waste,11.1,5.7,17,2.7,2297.55
CAT 785C,135.15,High Grade,7.2,9.6,2,2.8,270.3
CAT 777E,84.8,Waste,13.4,3.4,5,2.8,424
CAT 777E,84.8,Waste,9.8,7,9,3,763.2
CAT 777E,84.8,Waste,13.9,2.9,11,3,932.8
CAT 777F,84.8,Waste,12.4,4.4,23,3,1950.4
CAT 777F,84.8,Waste,11.6,5.2,33,3,2798.4
CAT 785C,135.15,Waste,9.1,7.7,26,3.1,3513.9
CAT 777F,84.8,Waste,11.5,5.3,6,3.3,508.8
CAT 777E,84.8,Waste,11.1,5.7,27,3.3,2289.6
CAT 777E,84.8,Waste,13.8,3,6,3.5,508.8
CAT 777F,84.8,Waste,12.2,4.6,18,3.6,1526.4
CAT 785C,135.15,Waste,14.6,2.2,11,3.7,1486.65
CAT 777F,84.8,Waste,12.6,4.2,23,3.7,1950.4
CAT 785C,135.15,High Grade,14.7,2.1,1,3.8,135.15
CAT 777E,84.8,Waste,11.9,4.9,17,3.8,1441.6
CAT 777E,84.8,Waste,14.9,1.9,1,3.9,84.8
CAT 777F,84.8,Waste,11.4,5.4,4,3.9,339.2
CAT 785C,135.15,Waste,11,5.8,5,4.5,675.75
KOMATSU HD1500,135.15,Waste,12.8,4,3,4.8,405.45
CAT 777E,84.8,Waste,12.2,4.6,27,4.8,2289.6
KOMATSU HD785,84.8,High Grade,9.7,7.1,4,5.3,339.2
CAT 777F,84.8,High Grade,14.4,2.4,5,5.4,424
CAT 777E,84.8,Waste,13.4,3.4,2,6.2,169.6
KOMATSU HD1500,135.15,Waste,16.2,0.6,1,7.2,135.15
CAT 777E,84.8,High Grade,14.2,2.6,2,8.4,169.6
CAT 777E,84.8,Waste,9,7.8,3,8.5,254.4
CAT 777F,84.8,High Grade,11.4,5.5,1,1,84.8
CAT 777F,84.8,Low Grade,13.5,3.4,8,1,678.4
CAT 777F,84.8,High Grade,9.3,7.6,4,1.1,339.2
CAT 777F,84.8,High Grade,11.8,5.1,3,1.2,254.4
CAT 777F,84.8,High Grade,9.4,7.5,3,1.2,254.4
CAT 777F,84.8,Low Grade,13,3.9,5,1.3,424
CAT 777F,84.8,High Grade,10.7,6.2,2,1.5,169.6
CAT 777F,84.8,High Grade,11.4,5.5,3,1.5,254.4
CAT 777F,84.8,Waste,11.7,5.2,10,1.7,848
CAT 777E,84.8,High Grade,10.4,6.5,11,1.7,932.8
CAT 777E,84.8,High Grade,11.3,5.6,5,1.8,424
CAT 777F,84.8,Waste,13.7,3.2,1,1.9,84.8
CAT 777F,84.8,Low Grade,7.2,9.7,1,2,84.8
CAT 777F,84.8,Low Grade,10.1,6.8,2,2,169.6
CAT 777E,84.8,Waste,13.7,3.2,21,2,1780.8
CAT 777F,84.8,Waste,12,4.9,25,2,2120
CAT 777E,84.8,Waste,13.9,3,3,2.2,254.4
CAT 777F,84.8,High Grade,9.1,7.8,5,2.3,424
CAT 777F,84.8,High Grade,8.6,8.3,6,2.3,508.8
CAT 777F,84.8,Waste,13.2,3.7,24,2.3,2035.2
CAT 777F,84.8,High Grade,14.4,2.5,3,2.4,254.4
CAT 777E,84.8,Low Grade,12.2,4.7,2,2.5,169.6
KOMATSU HD785,84.8,High Grade,12.8,4.1,3,2.5,254.4
CAT 777E,84.8,Waste,12.8,4.1,8,2.6,678.4
CAT 777E,84.8,Waste,10.8,6.1,9,2.6,763.2
CAT 777E,84.8,Waste,12.5,4.4,3,2.7,254.4
CAT 777F,84.8,Waste,13.8,3.1,21,2.7,1780.8
CAT 777F,84.8,Waste,13.6,3.3,35,2.7,2968
CAT 777F,84.8,Waste,13.4,3.5,37,2.9,3137.6
CAT 777E,84.8,Waste,13.4,3.5,8,3.1,678.4
CAT 777F,84.8,Waste,13.4,3.5,19,3.1,1611.2
CAT 777F,84.8,Waste,10,6.9,1,3.2,84.8
CAT 777E,84.8,Waste,12.5,4.4,6,3.5,508.8
CAT 777F,84.8,Waste,12.4,4.5,17,3.5,1441.6
CAT 777F,84.8,Waste,12.2,4.7,19,3.5,1611.2
CAT 777E,84.8,Waste,12.2,4.7,27,3.6,2289.6
CAT 777E,84.8,Waste,12.6,4.3,14,3.7,1187.2
CAT 777E,84.8,Waste,12.5,4.4,8,3.9,678.4
CAT 777E,84.8,Waste,14.9,2,13,3.9,1102.4
CAT 777F,84.8,Waste,12.5,4.4,21,4.8,1780.8
CAT 785C,135.15,Waste,11.6,5.3,18,5.3,2432.7
KOMATSU HD1500,135.15,Waste,13.6,3.3,4,6.2,540.6
CAT 785C,135.15,Waste,14.8,2.1,6,6.3,810.9
CAT 777F,84.8,High Grade,13.4,3.5,5,1.2,424
CAT 777F,84.8,Waste,13.9,3,28,2,2374.4
CAT 777E,84.8,Waste,13.3,3.6,2,2.4,169.6
CAT 785C,135.15,Waste,8.2,8.7,21,2.4,2838.15
CAT 777F,84.8,Waste,10.3,6.6,27,2.7,2289.6
CAT 777F,84.8,Waste,13.8,3.1,7,2.8,593.6
CAT 777F,84.8,Waste,13.6,3.3,3,3,254.4
CAT 777F,84.8,Waste,11.5,5.4,15,3,1272
CAT 777E,84.8,Waste,13.8,3.1,27,3.3,2289.6
CAT 785C,135.15,Waste,11.9,5,7,3.4,946.05
CAT 777E,84.8,Waste,12.9,4,21,3.6,1780.8
CAT 777E,84.8,Waste,12.3,4.6,31,3.9,2628.8
CAT 777E,84.8,Waste,14.8,2.1,11,4,932.8
CAT 777F,84.8,Waste,12.3,4.6,34,4,2883.2
CAT 777F,84.8,Waste,15.4,1.6,2,3.3,169.6
CAT 777E,84.8,High Grade,15.1,1.9,2,1,169.6
CAT 785C,135.15,Low Grade,7.7,9.3,2,1.1,270.3
CAT 777F,84.8,Waste,12.9,4.1,1,1.4,84.8
CAT 777F,84.8,Waste,13.7,3.3,10,1.5,848
CAT 777F,84.8,Low Grade,10.2,6.8,1,1.6,84.8
CAT 777F,84.8,Waste,11.6,5.4,8,1.7,678.4
CAT 785C,135.15,Waste,11.1,5.9,13,1.7,1756.95
CAT 777F,84.8,High Grade,12.8,4.2,2,1.8,169.6
CAT 777E,84.8,High Grade,9.6,7.4,6,1.8,508.8
CAT 777F,84.8,High Grade,12.1,4.9,6,1.8,508.8
CAT 785C,135.15,High Grade,9.4,7.6,2,1.9,270.3
CAT 777E,84.8,Waste,12,5,3,1.9,254.4
CAT 777F,84.8,Low Grade,12.2,4.8,1,2.1,84.8
CAT 785C,135.15,Waste,8.3,8.7,8,2.1,1081.2
CAT 777F,84.8,Waste,10.9,6.1,28,2.1,2374.4
CAT 785C,135.15,Low Grade,7.5,9.5,3,2.3,405.45
KOMATSU HD785,84.8,High Grade,13.9,3.1,4,2.3,339.2
CAT 777F,84.8,Waste,14.3,2.7,9,2.3,763.2
CAT 785C,135.15,High Grade,10.5,6.5,4,2.5,540.6
CAT 777F,84.8,Waste,12.9,4.1,13,2.5,1102.4
CAT 785C,135.15,Low Grade,10.9,6.1,3,2.6,405.45
CAT 777F,84.8,Waste,12.2,4.8,27,2.6,2289.6
CAT 777F,84.8,Waste,12,5,11,2.7,932.8
CAT 777F,84.8,Waste,13.2,3.8,25,2.7,2120
CAT 777F,84.8,Low Grade,10.3,6.7,1,2.9,84.8
CAT 785C,135.15,Low Grade,9.3,7.7,2,2.9,270.3
CAT 777E,84.8,High Grade,13.1,3.9,4,2.9,339.2
CAT 777F,84.8,Waste,14.4,2.6,17,3,1441.6
CAT 777F,84.8,Waste,13.7,3.3,34,3,2883.2
KOMATSU HD1500,135.15,Waste,14.6,2.4,17,3.1,2297.55
CAT 777F,84.8,Waste,13.4,3.6,6,3.3,508.8
CAT 777E,84.8,Waste,10.1,6.9,20,3.3,1696
CAT 777E,84.8,Waste,13.5,3.5,21,3.3,1780.8
CAT 785C,135.15,Waste,9.7,7.3,27,3.3,3649.05
CAT 777F,84.8,Waste,11,6,19,3.4,1611.2
CAT 777E,84.8,Waste,13.5,3.5,25,3.6,2120
CAT 777F,84.8,Waste,12.6,4.4,3,4.4,254.4
CAT 785C,135.15,Waste,13,4,6,5,810.9
CAT 785C,135.15,Waste,13,4,23,5.6,3108.45
CAT 777F,84.8,High Grade,9.7,7.3,6,8,508.8
CAT 785C,135.15,Waste,13,4,11,9.8,1486.65
CAT 777F,84.8,Waste,13.6,3.4,24,1.3,2035.2
CAT 777F,84.8,Waste,13.2,3.9,3,1.9,254.4
CAT 777F,84.8,Waste,13.6,3.5,15,1.9,1272
CAT 777F,84.8,Low Grade,6.8,10.3,2,2,169.6
CAT 777F,84.8,Low Grade,11.1,6,4,2.2,339.2
KOMATSU HD785,84.8,Waste,14,3.1,6,2.3,508.8
CAT 777F,84.8,Waste,10.6,6.5,28,2.7,2374.4
CAT 777F,84.8,Waste,10,7.1,24,2.9,2035.2
CAT 777F,84.8,Waste,10.1,7,16,3,1356.8
CAT 777F,84.8,Waste,13.7,3.4,19,3,1611.2
CAT 785C,135.15,Low Grade,11.5,5.6,2,3.2,270.3
CAT 785C,135.15,Low Grade,14.3,2.8,1,3.7,135.15
CAT 777E,84.8,Waste,13.4,3.7,26,3.7,2204.8
CAT 777E,84.8,Waste,14.7,2.4,2,4,169.6
CAT 785C,135.15,Waste,16.6,0.5,1,4.3,135.15
CAT 777F,84.8,Waste,11.8,5.3,8,4.5,678.4
CAT 777E,84.8,High Grade,9.6,7.5,1,1,84.8
CAT 777F,84.8,High Grade,13.7,3.4,7,1,593.6
CAT 777F,84.8,Low Grade,12.8,4.3,8,1.2,678.4
CAT 777E,84.8,Low Grade,12.2,4.9,3,1.4,254.4
CAT 785C,135.15,High Grade,7.2,9.9,6,1.5,810.9
CAT 777F,84.8,Waste,10.5,6.6,2,1.6,169.6
CAT 777F,84.8,Low Grade,9,8.1,6,1.7,508.8
CAT 777F,84.8,Waste,11.1,6,8,1.7,678.4
CAT 777F,84.8,High Grade,13.8,3.3,2,1.8,169.6
CAT 785C,135.15,Waste,10.2,6.9,12,1.8,1621.8
CAT 785C,135.15,Low Grade,12.9,4.2,1,1.9,135.15
CAT 777E,84.8,Waste,12.3,4.8,27,2,2289.6
CAT 777F,84.8,High Grade,12.3,4.8,3,2.2,254.4
CAT 777F,84.8,Waste,10,7.1,12,2.2,1017.6
CAT 777F,84.8,Waste,11.2,5.9,18,2.3,1526.4
CAT 785C,135.15,Waste,10.4,6.7,4,2.4,540.6
CAT 777F,84.8,Low Grade,11.9,5.2,8,2.5,678.4
CAT 777F,84.8,Waste,13.4,3.7,10,2.6,848
CAT 777E,84.8,High Grade,12.3,4.8,2,2.7,169.6
CAT 777F,84.8,Waste,12.8,4.3,7,2.8,593.6
CAT 785C,135.15,Waste,15.5,1.6,8,2.9,1081.2
CAT 777F,84.8,Waste,10.8,6.3,13,2.9,1102.4
CAT 777F,84.8,Waste,13.4,3.7,6,3,508.8
CAT 777F,84.8,Waste,13.9,3.2,24,3,2035.2
CAT 777F,84.8,Waste,14,3.1,23,3.1,1950.4
CAT 785C,135.15,Waste,11.3,5.8,8,3.3,1081.2
CAT 777F,84.8,Waste,10.8,6.3,25,3.3,2120
CAT 777E,84.8,Waste,14.7,2.4,11,3.4,932.8
CAT 777F,84.8,Waste,12,5.1,21,3.4,1780.8
CAT 777E,84.8,High Grade,13.9,3.2,4,3.9,339.2
CAT 785C,135.15,Waste,14.8,2.3,16,4.5,2162.4
CAT 785C,135.15,Waste,11.8,5.3,30,5.1,4054.5
CAT 777E,84.8,High Grade,13,4.1,6,6.9,508.8
CAT 777E,84.8,High Grade,14.6,2.5,1,7.7,84.8
CAT 785C,135.15,Waste,5.8,11.3,2,8.4,270.3
CAT 785C,135.15,Waste,13.7,3.4,1,9.3,135.15
CAT 777E,84.8,Waste,16.2,0.9,2,4.2,169.6
CAT 777F,84.8,Low Grade,11.8,5.4,1,3.7,84.8
CAT 785C,135.15,High Grade,5.5,11.7,1,1.1,135.15
CAT 777E,84.8,High Grade,13.4,3.8,3,1.1,254.4
CAT 785C,135.15,High Grade,12,5.2,10,1.2,1351.5
CAT 777E,84.8,High Grade,12.8,4.4,2,1.3,169.6
CAT 777E,84.8,Waste,13.4,3.8,24,1.5,2035.2
CAT 777F,84.8,High Grade,12.5,4.7,6,1.6,508.8
CAT 785C,135.15,High Grade,9.8,7.4,3,1.7,405.45
CAT 777E,84.8,Waste,14.3,2.9,5,1.7,424
CAT 777E,84.8,Waste,12.9,4.3,3,1.8,254.4
CAT 785C,135.15,Waste,9.8,7.4,3,1.8,405.45
CAT 777E,84.8,High Grade,12.2,5,5,1.8,424
CAT 777F,84.8,Waste,13.5,3.7,13,1.8,1102.4
CAT 785C,135.15,Waste,12.8,4.4,19,1.8,2567.85
CAT 777F,84.8,High Grade,12.1,5.1,5,2,424
CAT 777F,84.8,Waste,12.3,4.9,6,2.1,508.8
CAT 777F,84.8,Waste,13.2,4,32,2.1,2713.6
CAT 785C,135.15,Low Grade,12.7,4.5,4,2.4,540.6
CAT 777E,84.8,Waste,13.9,3.3,7,2.4,593.6
CAT 777F,84.8,High Grade,12.4,4.8,7,2.4,593.6
CAT 785C,135.15,Waste,11,6.2,21,2.4,2838.15
CAT 785C,135.15,Waste,13.2,4,2,2.5,270.3
CAT 777E,84.8,Waste,15.7,1.5,3,2.6,254.4
CAT 785C,135.15,Waste,13,4.2,16,2.6,2162.4
CAT 777F,84.8,Waste,14,3.2,12,2.7,1017.6
CAT 777F,84.8,Waste,12.4,4.8,13,2.7,1102.4
CAT 785C,135.15,Waste,10.7,6.5,18,2.7,2432.7
CAT 785C,135.15,High Grade,6.2,11,2,2.9,270.3
CAT 777F,84.8,Waste,13.4,3.8,17,2.9,1441.6
CAT 777F,84.8,Waste,13.2,4,9,3,763.2
CAT 777E,84.8,Waste,13.2,4,14,3,1187.2
CAT 777E,84.8,High Grade,9.5,7.7,1,3.1,84.8
CAT 777E,84.8,High Grade,5.5,11.7,1,3.1,84.8
CAT 777F,84.8,Waste,14.6,2.6,5,3.1,424
CAT 777F,84.8,Waste,14.8,2.4,9,3.1,763.2
CAT 777F,84.8,Waste,14.3,2.9,17,3.1,1441.6
CAT 777F,84.8,Waste,13,4.2,19,3.1,1611.2
CAT 777E,84.8,Waste,15.1,2.1,8,3.2,678.4
CAT 777F,84.8,Waste,12.7,4.5,4,3.3,339.2
CAT 777E,84.8,Waste,11.3,5.9,32,3.3,2713.6
CAT 777E,84.8,Waste,14.1,3.1,5,3.4,424
CAT 785C,135.15,Waste,14.7,2.5,11,3.4,1486.65
CAT 785C,135.15,Waste,8.2,9,3,4.8,405.45
CAT 785C,135.15,Waste,14.2,3,15,5.1,2027.25
CAT 785C,135.15,High Grade,14,3.2,3,5.6,405.45
CAT 785C,135.15,Waste,16,1.2,5,6,675.75
CAT 785C,135.15,Waste,14.1,3.1,10,6.5,1351.5
CAT 785C,135.15,Waste,11.2,6,1,7.7,135.15
CAT 777E,84.8,High Grade,13.5,3.7,4,9.3,339.2
CAT 777E,84.8,Waste,13.9,3.3,2,1.7,169.6
CAT 777E,84.8,Waste,8.4,8.8,18,1.7,1526.4
CAT 785C,135.15,High Grade,8.9,8.3,4,2,540.6
CAT 777E,84.8,Waste,12.1,5.1,7,2.1,593.6
CAT 777E,84.8,Waste,14.2,3,27,2.2,2289.6
CAT 777E,84.8,High Grade,4.6,12.6,1,2.6,84.8
CAT 785C,135.15,Waste,11.6,5.6,25,3,3378.75
CAT 785C,135.15,Waste,11.5,5.7,4,3.7,540.6
CAT 777F,84.8,Low Grade,11.3,5.9,2,4,169.6
CAT 785C,135.15,Waste,11.2,6,1,4.1,135.15
CAT 777F,84.8,Waste,10.4,6.9,3,1.6,254.4
CAT 785C,135.15,Waste,9.5,7.8,25,1.7,3378.75
CAT 777F,84.8,Waste,11.5,5.8,3,1.8,254.4
CAT 777F,84.8,Low Grade,12.9,4.4,2,1.9,169.6
CAT 777E,84.8,Low Grade,12.3,5,5,1.9,424
CAT 777F,84.8,Waste,15.2,2.1,5,2,424
KOMATSU HD785,84.8,Waste,12.4,4.9,5,2.7,424
CAT 777E,84.8,Waste,13.3,4,10,3,848
CAT 777F,84.8,Waste,11.3,6,2,3.2,169.6
CAT 777F,84.8,Waste,13.7,3.6,15,3.3,1272
CAT 777F,84.8,Waste,16.7,0.6,1,4.1,84.8
CAT 777F,84.8,Waste,14.2,3.1,28,4.3,2374.4
CAT 785C,135.15,Waste,15.2,2.1,17,4.8,2297.55
CAT 785C,135.15,Waste,13.6,3.7,5,5.1,675.75
CAT 785C,135.15,High Grade,6,11.3,1,8.1,135.15
CAT 777E,84.8,High Grade,14.1,3.2,1,0.7,84.8
CAT 777F,84.8,High Grade,12.8,4.5,2,1.1,169.6
CAT 777E,84.8,High Grade,12.9,4.4,6,1.1,508.8
CAT 777E,84.8,High Grade,13.9,3.4,3,1.3,254.4
CAT 777F,84.8,Waste,13.2,4.1,2,1.5,169.6
CAT 785C,135.15,Waste,9.2,8.1,10,1.5,1351.5
CAT 785C,135.15,Low Grade,8.2,9.1,2,1.6,270.3
CAT 777E,84.8,High Grade,10.3,7,6,1.6,508.8
CAT 777F,84.8,Low Grade,13.6,3.7,2,1.8,169.6
CAT 777F,84.8,Waste,14.3,3,2,1.9,169.6
KOMATSU HD785,84.8,High Grade,10.1,7.2,7,1.9,593.6
CAT 777F,84.8,Waste,12.8,4.5,1,2,84.8
CAT 777F,84.8,High Grade,14.1,3.2,8,2,678.4
CAT 785C,135.15,Waste,12.2,5.1,23,2,3108.45
CAT 777F,84.8,Low Grade,11.1,6.2,3,2.1,254.4
CAT 785C,135.15,Low Grade,10.4,6.9,3,2.1,405.45
CAT 777F,84.8,Low Grade,13,4.3,4,2.1,339.2
CAT 785C,135.15,Waste,11.7,5.6,9,2.1,1216.35
CAT 777E,84.8,High Grade,14.3,3,2,2.2,169.6
CAT 777E,84.8,High Grade,13.8,3.5,2,2.3,169.6
CAT 777F,84.8,Waste,12.8,4.5,14,2.6,1187.2
CAT 777F,84.8,Waste,14,3.3,35,2.6,2968
CAT 777F,84.8,Waste,12.9,4.4,32,2.7,2713.6
CAT 777F,84.8,Waste,10.3,7,2,2.8,169.6
CAT 785C,135.15,Waste,14.1,3.2,14,2.8,1892.1
CAT 777F,84.8,Waste,14,3.3,5,3.1,424
CAT 777E,84.8,Waste,13.5,3.8,8,3.1,678.4
CAT 777E,84.8,Waste,12.2,5.1,16,3.1,1356.8
KOMATSU HD785,84.8,Waste,11.4,5.9,9,3.2,763.2
CAT 785C,135.15,Waste,15.8,1.5,10,3.7,1351.5
CAT 785C,135.15,Waste,13.2,4.1,16,3.7,2162.4
CAT 777E,84.8,Waste,13.3,4,8,3.9,678.4
CAT 777F,84.8,Waste,14.1,3.2,20,3.9,1696
CAT 777E,84.8,Waste,11.6,5.7,15,4,1272
KOMATSU HD1500,135.15,Waste,15.9,1.4,1,4.1,135.15
CAT 777E,84.8,Waste,14.6,2.7,3,4.2,254.4
CAT 785C,135.15,Waste,14.5,2.8,18,4.6,2432.7
CAT 777E,84.8,High Grade,13.7,3.6,6,5.2,508.8
CAT 777F,84.8,Low Grade,13.1,4.2,11,5.7,932.8
CAT 785C,135.15,Waste,14.9,2.4,1,9.3,135.15
KOMATSU HD1500,135.15,Waste,17,0.3,1,7.5,135.15
CAT 777E,84.8,High Grade,14.3,3.1,5,0.7,424
CAT 777E,84.8,High Grade,5.7,11.7,3,0.8,254.4
CAT 777F,84.8,Low Grade,14.5,2.9,10,0.9,848
CAT 777F,84.8,Low Grade,15.4,2,2,1,169.6
CAT 777E,84.8,Low Grade,12.8,4.6,2,1,169.6
CAT 777F,84.8,Low Grade,13.1,4.3,2,1.1,169.6
CAT 777F,84.8,High Grade,13.5,3.9,11,1.5,932.8
CAT 777F,84.8,High Grade,12.7,4.7,3,1.6,254.4
CAT 777F,84.8,Waste,12.6,4.8,27,1.6,2289.6
CAT 777F,84.8,Waste,9.6,7.8,18,1.7,1526.4
CAT 777E,84.8,High Grade,13.5,3.9,5,2,424
CAT 777F,84.8,Waste,14,3.4,16,2,1356.8
CAT 777F,84.8,Waste,13,4.4,2,2.1,169.6
CAT 777F,84.8,High Grade,14.1,3.3,4,2.4,339.2
CAT 777F,84.8,Waste,12.4,5,15,2.4,1272
CAT 777E,84.8,Waste,13.1,4.3,19,2.5,1611.2
CAT 777E,84.8,Waste,13.3,4.1,1,2.7,84.8
CAT 777E,84.8,Waste,14.3,3.1,14,2.8,1187.2
CAT 785C,135.15,Waste,7.8,9.6,2,2.9,270.3
CAT 777E,84.8,Waste,11.5,5.9,11,3,932.8
CAT 777E,84.8,Waste,12.7,4.7,3,3.1,254.4
CAT 777F,84.8,High Grade,9.9,7.5,5,3.3,424
CAT 777E,84.8,Waste,14.9,2.5,7,3.5,593.6
CAT 777E,84.8,Waste,13,4.4,5,3.7,424
CAT 777E,84.8,Waste,14.1,3.3,13,3.7,1102.4
CAT 777F,84.8,Low Grade,11.3,6.1,1,3.9,84.8
CAT 785C,135.15,Waste,11.5,5.9,3,4,405.45
CAT 777F,84.8,Waste,14.1,3.3,16,4.1,1356.8
CAT 785C,135.15,Waste,14.8,2.6,2,8.6,270.3
CAT 777F,84.8,High Grade,9.3,8.1,2,1.9,169.6
CAT 777F,84.8,Waste,11.5,5.9,3,2.1,254.4
CAT 777F,84.8,Waste,9.9,7.5,3,2.6,254.4
CAT 777E,84.8,Waste,12.7,4.7,22,3.4,1865.6
CAT 777E,84.8,Waste,12.2,5.2,21,3.5,1780.8
CAT 785C,135.15,Waste,10.5,6.9,3,5.1,405.45
CAT 785C,135.15,Waste,16.2,1.2,3,8.2,405.45
CAT 777F,84.8,Low Grade,10.5,7,3,1.9,254.4
CAT 785C,135.15,High Grade,14,3.5,1,3.6,135.15
CAT 777E,84.8,Waste,16,1.5,11,4.1,932.8
CAT 777E,84.8,High Grade,13.4,4.1,2,12.3,169.6
CAT 777F,84.8,High Grade,14.5,3,1,1.1,84.8
CAT 777E,84.8,High Grade,13.2,4.3,4,1.2,339.2
CAT 785C,135.15,Waste,16.5,1,1,1.4,135.15
CAT 777F,84.8,High Grade,11.8,5.7,5,1.4,424
CAT 777E,84.8,High Grade,9.2,8.3,4,1.5,339.2
CAT 777F,84.8,High Grade,13.3,4.2,8,1.5,678.4
CAT 777F,84.8,High Grade,7.3,10.2,3,1.6,254.4
CAT 777E,84.8,Low Grade,14.7,2.8,5,1.6,424
CAT 777E,84.8,Waste,13.6,3.9,4,1.7,339.2
CAT 777F,84.8,Waste,10.9,6.6,8,1.7,678.4
CAT 777F,84.8,High Grade,11.6,5.9,5,1.8,424
CAT 785C,135.15,Waste,13.8,3.7,8,1.8,1081.2
CAT 777F,84.8,High Grade,9.9,7.6,3,2.1,254.4
CAT 777F,84.8,Waste,13.3,4.2,8,2.1,678.4
CAT 777F,84.8,Waste,12.4,5.1,29,2.1,2459.2
CAT 777F,84.8,Waste,11.6,5.9,2,2.3,169.6
CAT 777F,84.8,Waste,13,4.5,2,2.3,169.6
CAT 777E,84.8,Waste,9.9,7.6,2,2.3,169.6
KOMATSU HD785,84.8,Waste,12.6,4.9,3,2.3,254.4
CAT 777E,84.8,High Grade,16.6,0.9,4,2.3,339.2
CAT 777F,84.8,Waste,12.6,4.9,25,2.3,2120
CAT 777F,84.8,Waste,12.6,4.9,6,2.5,508.8
CAT 785C,135.15,Waste,12.4,5.1,11,2.5,1486.65
CAT 777F,84.8,High Grade,13.6,3.9,4,2.6,339.2
CAT 785C,135.15,Low Grade,10.4,7.1,2,2.7,270.3
CAT 777E,84.8,Waste,14.2,3.3,6,2.7,508.8
CAT 785C,135.15,Waste,10.4,7.1,15,2.8,2027.25
CAT 777E,84.8,Waste,12.1,5.4,6,2.9,508.8
CAT 777E,84.8,Waste,11.3,6.2,5,3,424
CAT 777E,84.8,Waste,11.3,6.2,8,3,678.4
CAT 777F,84.8,Waste,12.5,5,18,3,1526.4
CAT 777E,84.8,Waste,12.5,5,12,3.1,1017.6
KOMATSU HD1500,135.15,High Grade,15.1,2.4,1,3.5,135.15
CAT 777E,84.8,Waste,13.9,3.6,22,3.5,1865.6
CAT 777E,84.8,Waste,12.8,4.7,25,3.5,2120
CAT 777F,84.8,Waste,12.6,4.9,20,3.6,1696
CAT 777F,84.8,Waste,12.8,4.7,18,3.7,1526.4
CAT 777E,84.8,Waste,13,4.5,10,3.8,848
CAT 777E,84.8,Waste,16.9,0.6,1,3.9,84.8
CAT 777E,84.8,Waste,10.9,6.6,1,4,84.8
CAT 777F,84.8,Low Grade,13.3,4.2,2,4,169.6
CAT 777E,84.8,Waste,13.9,3.6,1,4.2,84.8
CAT 777F,84.8,Waste,15.8,1.7,1,4.2,84.8
CAT 777F,84.8,Waste,11.3,6.2,3,4.5,254.4
CAT 777F,84.8,Waste,14.3,3.2,4,4.6,339.2
CAT 777F,84.8,Waste,12.6,4.9,23,4.9,1950.4
CAT 785C,135.15,Waste,15,2.5,10,5,1351.5
CAT 777E,84.8,Waste,16.1,1.4,2,5.5,169.6
CAT 785C,135.15,Waste,13.2,4.3,3,5.8,405.45
CAT 785C,135.15,Waste,13.1,4.4,3,5.8,405.45
CAT 785C,135.15,Waste,14.6,2.9,7,6,946.05
CAT 777E,84.8,High Grade,14.9,2.6,7,6.2,593.6
CAT 777E,84.8,High Grade,15.1,2.4,1,6.6,84.8
CAT 777E,84.8,Waste,16.4,1.1,3,12.6,254.4
CAT 777E,84.8,Waste,14,3.5,2,13.5,169.6
CAT 777F,84.8,High Grade,8.9,8.6,2,1.6,169.6
CAT 785C,135.15,Waste,16.1,1.4,1,3.8,135.15
CAT 777F,84.8,Low Grade,5.8,11.8,2,1.2,169.6
CAT 777E,84.8,Waste,17.1,0.5,1,1.4,84.8
CAT 777F,84.8,Waste,14.4,3.2,28,1.5,2374.4
CAT 777F,84.8,Waste,14.2,3.4,10,1.7,848
CAT 777F,84.8,Waste,14.4,3.2,6,1.9,508.8
CAT 777F,84.8,High Grade,14,3.6,3,2,254.4
CAT 777F,84.8,Waste,15.6,2,13,2,1102.4
CAT 785C,135.15,Waste,12.1,5.5,5,2.2,675.75
CAT 777F,84.8,High Grade,14.3,3.3,8,2.2,678.4
CAT 777F,84.8,Waste,11.4,6.2,5,2.5,424
CAT 777F,84.8,Waste,13.5,4.1,11,2.5,932.8
CAT 777E,84.8,Waste,10.6,7,12,2.6,1017.6
CAT 777F,84.8,Waste,14.1,3.5,24,2.6,2035.2
CAT 777E,84.8,Waste,13.1,4.5,3,2.7,254.4
CAT 777F,84.8,Waste,14.4,3.2,9,3,763.2
CAT 777E,84.8,Waste,13.2,4.4,4,3.5,339.2
CAT 785C,135.15,Waste,12,5.6,24,3.5,3243.6
CAT 777E,84.8,Waste,11.9,5.7,5,3.6,424
CAT 777F,84.8,Waste,12.7,4.9,13,3.8,1102.4
CAT 785C,135.15,High Grade,11.4,6.2,1,4.5,135.15
CAT 785C,135.15,Waste,15.3,2.3,8,4.5,1081.2
KOMATSU HD1500,135.15,Waste,16.6,1,1,6,135.15
CAT 777E,84.8,High Grade,12.5,5.1,7,1.1,593.6
CAT 777F,84.8,High Grade,10.6,7,3,1.4,254.4
CAT 777E,84.8,High Grade,11.8,5.8,5,1.6,424
CAT 777F,84.8,Waste,13.4,4.2,3,1.7,254.4
CAT 777F,84.8,Low Grade,9.5,8.1,6,1.7,508.8
CAT 777F,84.8,High Grade,7.4,10.2,7,1.8,593.6
CAT 777E,84.8,Waste,9.6,8,5,1.9,424
CAT 777F,84.8,Waste,14.7,2.9,26,1.9,2204.8
CAT 777E,84.8,Waste,13.6,4,2,2,169.6
CAT 777F,84.8,High Grade,12.5,5.1,5,2,424
CAT 785C,135.15,Waste,11.7,5.9,27,2,3649.05
CAT 777F,84.8,High Grade,13.7,3.9,4,2.1,339.2
CAT 777F,84.8,Waste,10.7,6.9,13,2.1,1102.4
CAT 777F,84.8,High Grade,13.2,4.4,5,2.2,424
CAT 777F,84.8,Low Grade,14.7,2.9,6,2.2,508.8
KOMATSU HD785,84.8,Waste,14.1,3.5,35,2.2,2968
CAT 777F,84.8,High Grade,11.7,5.9,6,2.3,508.8
CAT 777F,84.8,Low Grade,13,4.6,3,2.5,254.4
CAT 777F,84.8,Waste,14.5,3.1,9,2.5,763.2
KOMATSU HD785,84.8,Waste,14.5,3.1,34,2.5,2883.2
CAT 777F,84.8,Waste,13.6,4,8,2.6,678.4
CAT 777E,84.8,Waste,13.6,4,14,2.7,1187.2
CAT 777F,84.8,Waste,13.5,4.1,15,2.7,1272
CAT 777F,84.8,Waste,12,5.6,26,2.7,2204.8
CAT 777F,84.8,Waste,13.1,4.5,8,2.8,678.4
CAT 777E,84.8,Waste,14,3.6,7,2.9,593.6
CAT 777F,84.8,Waste,13.4,4.2,9,2.9,763.2
CAT 777E,84.8,Waste,14,3.6,26,2.9,2204.8
CAT 777F,84.8,Waste,13,4.6,2,3,169.6
CAT 777E,84.8,Waste,12.3,5.3,18,3.1,1526.4
CAT 777E,84.8,Waste,11.6,6,32,3.2,2713.6
CAT 777F,84.8,Waste,13.2,4.4,5,3.3,424
CAT 777E,84.8,Waste,14.6,3,3,3.4,254.4
CAT 777E,84.8,Waste,13.1,4.5,16,3.5,1356.8
CAT 777F,84.8,Waste,13.1,4.5,6,3.6,508.8
CAT 777F,84.8,Waste,11.9,5.7,20,3.6,1696
CAT 777F,84.8,Waste,14.5,3.1,17,3.7,1441.6
CAT 777E,84.8,Waste,13.9,3.7,22,3.7,1865.6
CAT 777E,84.8,High Grade,15.1,2.5,2,3.9,169.6
CAT 777E,84.8,Waste,12.4,5.2,2,3.9,169.6
CAT 777F,84.8,Waste,12.3,5.3,5,3.9,424
CAT 777E,84.8,Waste,13.2,4.4,6,4,508.8
CAT 785C,135.15,Waste,15.5,2.1,6,4.1,810.9
CAT 777F,84.8,Waste,12.5,5.1,30,4.1,2544
CAT 777F,84.8,Waste,14,3.6,18,4.3,1526.4
CAT 777E,84.8,Waste,12.3,5.3,9,4.5,763.2
CAT 785C,135.15,Waste,14.8,2.8,8,4.9,1081.2
CAT 777E,84.8,Waste,15,2.6,5,5.7,424
CAT 785C,135.15,High Grade,13.6,4,1,7.2,135.15
CAT 777E,84.8,Waste,15.7,1.9,1,7.5,84.8
CAT 777E,84.8,Waste,14.5,3.2,19,1.8,1611.2
CAT 785C,135.15,Low Grade,11.3,6.4,2,0.9,270.3
CAT 777E,84.8,High Grade,13.7,4,4,1.3,339.2
CAT 777E,84.8,Waste,9.5,8.2,3,1.5,254.4
CAT 777F,84.8,High Grade,14.3,3.4,4,1.6,339.2
CAT 777F,84.8,Low Grade,9,8.7,2,1.7,169.6
CAT 777F,84.8,High Grade,12.6,5.1,2,1.7,169.6
CAT 777F,84.8,Waste,12.3,5.4,27,1.9,2289.6
CAT 777F,84.8,High Grade,11.8,5.9,3,2,254.4
CAT 777F,84.8,Low Grade,12.2,5.5,4,2,339.2
CAT 785C,135.15,Waste,8.1,9.6,15,2,2027.25
CAT 777E,84.8,Waste,15.5,2.2,11,2.1,932.8
CAT 777F,84.8,Waste,10.2,7.5,31,2.2,2628.8
CAT 777F,84.8,Waste,12,5.7,6,2.4,508.8
CAT 777F,84.8,Waste,15.9,1.8,7,2.4,593.6
CAT 777F,84.8,Waste,16.1,1.6,3,2.5,254.4
CAT 777F,84.8,Waste,12.2,5.5,7,2.5,593.6
CAT 777E,84.8,Waste,12.6,5.1,3,2.6,254.4
CAT 777F,84.8,Waste,10.2,7.5,4,2.7,339.2
CAT 785C,135.15,Waste,10.9,6.8,15,2.7,2027.25
CAT 777F,84.8,Waste,13.3,4.4,23,2.7,1950.4
CAT 777E,84.8,Waste,13.7,4,5,2.8,424
CAT 777F,84.8,Waste,10.5,7.2,20,2.8,1696
CAT 777F,84.8,Waste,13.2,4.5,25,2.8,2120
CAT 785C,135.15,Waste,11.8,5.9,6,2.9,810.9
CAT 785C,135.15,Waste,16.1,1.6,8,2.9,1081.2
CAT 777F,84.8,Waste,15.1,2.6,8,3.1,678.4
KOMATSU HD785,84.8,Waste,12.2,5.5,13,3.1,1102.4
CAT 777E,84.8,Waste,9.3,8.4,17,3.1,1441.6
CAT 777F,84.8,Waste,12.7,5,4,3.2,339.2
CAT 777F,84.8,Waste,12.9,4.8,14,3.2,1187.2
CAT 785C,135.15,High Grade,8.5,9.2,2,3.3,270.3
CAT 777E,84.8,Waste,13,4.7,22,3.3,1865.6
CAT 785C,135.15,Waste,13.4,4.3,1,3.4,135.15
CAT 777E,84.8,Waste,15.1,2.6,17,3.4,1441.6
CAT 777E,84.8,Waste,14.9,2.8,4,3.5,339.2
CAT 777F,84.8,Waste,12.5,5.2,6,3.9,508.8
CAT 777F,84.8,Waste,11.9,5.8,12,3.9,1017.6
CAT 777E,84.8,Waste,11.9,5.8,20,3.9,1696
CAT 785C,135.15,Low Grade,13.8,3.9,1,4,135.15
KOMATSU HD1500,135.15,Waste,15.6,2.1,1,4.1,135.15
CAT 777F,84.8,Waste,12,5.7,2,4.1,169.6
CAT 777E,84.8,Waste,14.5,3.2,6,4.3,508.8
CAT 777E,84.8,Waste,14,3.7,11,4.6,932.8
CAT 777E,84.8,Waste,14.4,3.3,5,4.8,424
CAT 777F,84.8,Waste,12.6,5.1,28,4.8,2374.4
CAT 785C,135.15,Waste,14.3,3.4,5,6.6,675.75
CAT 777E,84.8,Waste,11.1,6.6,1,7.1,84.8
CAT 777F,84.8,Waste,13.2,4.5,20,2,1696
CAT 777E,84.8,Waste,10.5,7.2,1,2.7,84.8
CAT 777E,84.8,Waste,12.3,5.4,17,3,1441.6
CAT 777F,84.8,Waste,14.3,3.4,34,3.1,2883.2
CAT 777E,84.8,Waste,9.6,8.1,1,3.4,84.8
CAT 777E,84.8,Waste,16.5,1.2,1,8.2,84.8
CAT 777E,84.8,Waste,16.4,1.3,1,15.5,84.8
CAT 777F,84.8,Waste,12.9,4.9,2,2.8,169.6
CAT 777F,84.8,Waste,13.7,4.1,9,2.9,763.2
CAT 777F,84.8,Waste,14.4,3.4,12,2.9,1017.6
CAT 785C,135.15,Waste,9.8,8,10,3,1351.5
CAT 785C,135.15,Waste,12.1,5.7,17,3.8,2297.55
CAT 777F,84.8,Waste,14,3.8,9,3.9,763.2
CAT 785C,135.15,Waste,16.3,1.5,14,3.9,1892.1
CAT 777E,84.8,High Grade,15,2.8,5,5.2,424
CAT 785C,135.15,Waste,16.1,1.7,1,7.2,135.15
CAT 777F,84.8,High Grade,12.4,5.4,2,1.3,169.6
CAT 785C,135.15,Low Grade,8.2,9.6,4,1.7,540.6
CAT 777F,84.8,Low Grade,13.3,4.5,4,1.8,339.2
CAT 777F,84.8,Waste,14.6,3.2,14,1.8,1187.2
CAT 777F,84.8,Waste,10.8,7,20,1.8,1696
CAT 777F,84.8,Waste,14,3.8,4,2,339.2
CAT 777E,84.8,Low Grade,10.5,7.3,4,2,339.2
CAT 777F,84.8,High Grade,15.3,2.5,8,2,678.4
CAT 777F,84.8,Low Grade,13.5,4.3,4,2.1,339.2
CAT 777F,84.8,Waste,11.8,6,10,2.1,848
CAT 777E,84.8,Waste,14.5,3.3,27,2.1,2289.6
CAT 777F,84.8,Low Grade,14.4,3.4,3,2.2,254.4
CAT 777E,84.8,High Grade,12.3,5.5,5,2.2,424
CAT 785C,135.15,High Grade,9.1,8.7,7,2.4,946.05
CAT 777E,84.8,High Grade,7.3,10.5,3,2.5,254.4
CAT 777E,84.8,Waste,15,2.8,8,2.5,678.4
CAT 777F,84.8,Waste,14.8,3,26,2.5,2204.8
CAT 777E,84.8,High Grade,15.1,2.7,1,2.6,84.8
CAT 785C,135.15,Waste,11.6,6.2,3,2.7,405.45
CAT 777F,84.8,Waste,15,2.8,4,2.8,339.2
CAT 785C,135.15,Waste,12.3,5.5,4,2.9,540.6
CAT 777F,84.8,Waste,14.7,3.1,9,2.9,763.2
CAT 777F,84.8,Waste,12.4,5.4,30,2.9,2544
CAT 785C,135.15,Waste,15,2.8,4,3,540.6
CAT 777F,84.8,Waste,13.5,4.3,6,3,508.8
CAT 777E,84.8,Waste,13,4.8,5,3.1,424
CAT 777F,84.8,Waste,14.1,3.7,9,3.1,763.2
CAT 777E,84.8,Waste,14.6,3.2,12,3.3,1017.6
CAT 777E,84.8,Waste,15.5,2.3,13,3.3,1102.4
CAT 777E,84.8,Waste,13,4.8,19,3.3,1611.2
CAT 785C,135.15,Waste,11.7,6.1,25,3.3,3378.75
CAT 777E,84.8,Waste,13.9,3.9,10,3.5,848
KOMATSU HD785,84.8,Waste,13.5,4.3,8,3.6,678.4
CAT 777E,84.8,High Grade,15.5,2.3,2,3.7,169.6
CAT 777E,84.8,Waste,11.3,6.5,6,3.8,508.8
CAT 777F,84.8,Waste,12.7,5.1,27,4,2289.6
CAT 777E,84.8,Waste,15.4,2.4,3,4.2,254.4
CAT 785C,135.15,Waste,16,1.8,11,4.9,1486.65
CAT 785C,135.15,Waste,15.3,2.5,12,5,1621.8
CAT 777E,84.8,Waste,11.2,6.6,2,5.3,169.6
CAT 785C,135.15,Waste,14.2,3.6,4,7.3,540.6
CAT 785C,135.15,Low Grade,8.4,9.4,4,1.8,540.6
CAT 777E,84.8,Waste,13.4,4.4,1,10.2,84.8
CAT 777E,84.8,Low Grade,10.4,7.5,2,0.8,169.6
CAT 785C,135.15,Low Grade,15.5,2.4,1,0.9,135.15
CAT 777E,84.8,High Grade,10.6,7.3,1,1,84.8
CAT 777E,84.8,Waste,14.7,3.2,2,1.5,169.6
CAT 777F,84.8,Waste,14.1,3.8,12,1.6,1017.6
CAT 777F,84.8,Waste,13.9,4,16,1.8,1356.8
CAT 777F,84.8,Low Grade,11.9,6,2,2,169.6
CAT 777F,84.8,Waste,14.1,3.8,2,2,169.6
CAT 777E,84.8,Low Grade,12.1,5.8,9,2,763.2
CAT 777F,84.8,High Grade,12.4,5.5,3,2.1,254.4
CAT 777F,84.8,Waste,12,5.9,15,2.1,1272
CAT 777E,84.8,Low Grade,14.3,3.6,5,2.2,424
CAT 785C,135.15,High Grade,13,4.9,7,2.2,946.05
CAT 777E,84.8,Waste,13.8,4.1,3,2.3,254.4
CAT 777F,84.8,Waste,12,5.9,17,2.4,1441.6
CAT 777F,84.8,Waste,14.9,3,27,2.4,2289.6
CAT 777F,84.8,Waste,11,6.9,17,2.6,1441.6
CAT 777F,84.8,Waste,12.5,5.4,7,2.7,593.6
CAT 777F,84.8,Waste,12.8,5.1,15,2.7,1272
CAT 785C,135.15,Waste,9.1,8.8,15,2.7,2027.25
CAT 785C,135.15,Waste,13,4.9,16,2.7,2162.4
CAT 777F,84.8,Waste,14.3,3.6,19,2.7,1611.2
CAT 777E,84.8,Waste,13.2,4.7,9,2.8,763.2
CAT 777E,84.8,Low Grade,13,4.9,3,2.9,254.4
CAT 777E,84.8,Waste,14.4,3.5,23,2.9,1950.4
CAT 777F,84.8,Waste,11.6,6.3,9,3.1,763.2
CAT 777F,84.8,Waste,14.2,3.7,19,3.1,1611.2
CAT 785C,135.15,Waste,13.4,4.5,8,3.2,1081.2
CAT 785C,135.15,Waste,10.7,7.2,26,3.2,3513.9
CAT 777E,84.8,Waste,13.2,4.7,16,3.4,1356.8
CAT 777E,84.8,Waste,11.5,6.4,21,3.4,1780.8
CAT 785C,135.15,Waste,9.6,8.3,18,3.7,2432.7
CAT 777E,84.8,Low Grade,11.7,6.2,2,3.8,169.6
CAT 777F,84.8,Waste,10.4,7.5,18,4,1526.4
CAT 785C,135.15,Waste,16.7,1.2,8,4.4,1081.2
CAT 777E,84.8,Waste,13.3,4.6,26,4.8,2204.8
CAT 777E,84.8,Waste,14.6,3.3,4,5.1,339.2
CAT 785C,135.15,Waste,13.8,4.1,18,5.4,2432.7
CAT 785C,135.15,Waste,16,1.9,3,5.8,405.45
CAT 777E,84.8,Waste,14.8,3.1,4,5.9,339.2
KOMATSU HD1500,135.15,Waste,15.7,2.2,2,8.6,270.3
CAT 777E,84.8,High Grade,12.1,5.8,5,1.3,424
CAT 777F,84.8,High Grade,8.3,9.6,4,1.5,339.2
CAT 777F,84.8,Waste,14.7,3.2,15,1.9,1272
CAT 777F,84.8,Waste,13.2,4.7,22,1.9,1865.6
KOMATSU HD785,84.8,Waste,11,6.9,8,2.2,678.4
CAT 777F,84.8,High Grade,15.3,2.6,4,2.3,339.2
CAT 777F,84.8,Waste,13.7,4.2,10,2.6,848
CAT 777F,84.8,Waste,11.6,6.3,4,2.8,339.2
CAT 777E,84.8,Waste,12.7,5.2,20,3.3,1696
CAT 777E,84.8,Waste,13.3,4.6,14,3.5,1187.2
CAT 777F,84.8,Waste,15.3,2.6,5,3.7,424
CAT 777E,84.8,Waste,14.5,3.4,5,3.7,424
CAT 785C,135.15,Waste,15.6,2.3,24,3.7,3243.6
CAT 785C,135.15,Waste,13.4,4.5,1,4.1,135.15
CAT 785C,135.15,Waste,13.2,4.7,4,6,540.6
CAT 777E,84.8,Waste,15.1,2.8,12,6,1017.6
CAT 777E,84.8,Waste,16.4,1.5,3,6.2,254.4
CAT 777E,84.8,Waste,16.7,1.3,2,3.3,169.6
CAT 777E,84.8,High Grade,13.5,4.5,2,1.1,169.6
CAT 777E,84.8,High Grade,14.7,3.3,6,1.1,508.8
CAT 777F,84.8,High Grade,11.7,6.3,6,1.1,508.8
CAT 777F,84.8,High Grade,11.1,6.9,5,1.2,424
CAT 777F,84.8,High Grade,13.7,4.3,3,1.4,254.4
CAT 777E,84.8,High Grade,9.1,8.9,8,1.4,678.4
CAT 777F,84.8,Low Grade,15.9,2.1,4,1.5,339.2
CAT 777E,84.8,Waste,15.4,2.6,4,1.5,339.2
CAT 777F,84.8,High Grade,14.6,3.4,6,1.5,508.8
CAT 785C,135.15,Low Grade,10.6,7.4,4,2,540.6
CAT 777E,84.8,Waste,15.4,2.6,6,2.1,508.8
CAT 777E,84.8,Waste,14.2,3.8,15,2.1,1272
CAT 785C,135.15,High Grade,12.1,5.9,4,2.5,540.6
CAT 777F,84.8,Waste,13.1,4.9,22,2.6,1865.6
CAT 777F,84.8,Waste,13.5,4.5,8,2.7,678.4
CAT 777E,84.8,Waste,14.5,3.5,10,2.7,848
CAT 777E,84.8,High Grade,12.8,5.2,5,2.8,424
CAT 785C,135.15,High Grade,9.3,8.7,4,2.9,540.6
CAT 777E,84.8,High Grade,13.4,4.6,7,2.9,593.6
CAT 777F,84.8,Waste,11.5,6.5,3,3,254.4
CAT 777E,84.8,Waste,11.9,6.1,14,3,1187.2
CAT 777E,84.8,Waste,14.2,3.8,15,3,1272
CAT 777F,84.8,Waste,14.2,3.8,24,3,2035.2
CAT 785C,135.15,Low Grade,11.1,6.9,1,3.1,135.15
CAT 777E,84.8,Waste,11.6,6.4,10,3.1,848
CAT 785C,135.15,Low Grade,14.5,3.5,2,3.2,270.3
CAT 777E,84.8,Waste,15.2,2.8,6,3.2,508.8
CAT 777F,84.8,Waste,12.5,5.5,6,3.4,508.8
CAT 777E,84.8,Waste,13.7,4.3,15,3.4,1272
CAT 777E,84.8,Waste,12.5,5.5,24,3.5,2035.2
CAT 777E,84.8,Waste,14.9,3.1,19,3.6,1611.2
CAT 785C,135.15,Waste,14.3,3.7,1,3.7,135.15
CAT 785C,135.15,Waste,16,2,14,3.7,1892.1
CAT 777E,84.8,Waste,12.9,5.1,19,3.7,1611.2
CAT 777F,84.8,Waste,9.4,8.6,17,3.8,1441.6
CAT 777F,84.8,Low Grade,13.2,4.8,2,3.9,169.6
CAT 785C,135.15,Waste,11.5,6.5,5,3.9,675.75
CAT 777E,84.8,Waste,12.6,5.4,8,3.9,678.4
CAT 777E,84.8,Waste,9.9,8.1,1,4,84.8
CAT 777E,84.8,Waste,15.2,2.8,6,4,508.8
CAT 785C,135.15,Waste,12.9,5.1,11,4,1486.65
CAT 777F,84.8,Waste,12.6,5.4,21,4,1780.8
CAT 777F,84.8,Waste,11,7,5,4.1,424
CAT 777E,84.8,Waste,15.1,2.9,9,4.6,763.2
CAT 785C,135.15,Waste,15.6,2.4,18,5.4,2432.7
CAT 777E,84.8,Waste,14.2,3.8,1,5.6,84.8
CAT 777E,84.8,Waste,12.5,5.5,2,5.9,169.6
CAT 785C,135.15,Waste,14.1,3.9,1,7.8,135.15
CAT 785C,135.15,Waste,12.4,5.6,1,8,135.15
CAT 777E,84.8,High Grade,14,4,2,1.4,169.6
CAT 777E,84.8,Waste,15.9,2.1,14,2.9,1187.2
CAT 785C,135.15,Waste,12.1,5.9,5,3.8,675.75
CAT 777F,84.8,Low Grade,12.7,5.4,5,1.1,424
CAT 777F,84.8,High Grade,15,3.1,6,1.1,508.8
CAT 777F,84.8,High Grade,9.5,8.6,2,1.5,169.6
CAT 777F,84.8,Waste,13.7,4.4,3,1.7,254.4
CAT 777E,84.8,High Grade,11.5,6.6,6,1.8,508.8
CAT 785C,135.15,High Grade,15.3,2.8,3,1.9,405.45
CAT 777F,84.8,Low Grade,11.5,6.6,4,1.9,339.2
CAT 777F,84.8,Low Grade,14.4,3.7,7,2.1,593.6
CAT 777F,84.8,Waste,11.3,6.8,10,2.3,848
CAT 777F,84.8,Low Grade,12.5,5.6,4,2.4,339.2
CAT 777E,84.8,Waste,14.1,4,14,2.4,1187.2
CAT 777E,84.8,High Grade,16.8,1.3,7,2.5,593.6
CAT 777F,84.8,Waste,12.4,5.7,15,2.5,1272
CAT 777F,84.8,Waste,12.4,5.7,10,3,848
CAT 777F,84.8,Waste,14.2,3.9,23,3,1950.4
CAT 777E,84.8,Waste,14.9,3.2,15,3.1,1272
CAT 785C,135.15,Waste,12.7,5.4,16,3.2,2162.4
CAT 777E,84.8,Waste,15.7,2.4,6,3.4,508.8
CAT 785C,135.15,Waste,15.8,2.3,1,4,135.15
CAT 777E,84.8,Waste,10.4,7.7,1,5.4,84.8
CAT 777F,84.8,Waste,14.8,3.3,2,1.3,169.6
CAT 777F,84.8,High Grade,13.5,4.6,6,1.6,508.8
CAT 777F,84.8,Waste,11.9,6.2,3,1.8,254.4
KOMATSU HD785,84.8,High Grade,13.3,4.8,5,1.8,424
CAT 777F,84.8,Low Grade,15.4,2.7,2,1.9,169.6
CAT 785C,135.15,High Grade,10.5,7.6,1,2,135.15
CAT 777F,84.8,High Grade,8.2,9.9,3,2,254.4
CAT 777E,84.8,Waste,17,1.1,8,2,678.4
CAT 785C,135.15,Low Grade,12.8,5.3,4,2.1,540.6
CAT 777F,84.8,Waste,13.4,4.7,7,2.4,593.6
CAT 777F,84.8,Waste,14.5,3.6,19,2.5,1611.2
CAT 777E,84.8,Waste,14.3,3.8,14,2.7,1187.2
CAT 777F,84.8,Waste,13.9,4.2,4,2.8,339.2
CAT 785C,135.15,Low Grade,13.6,4.5,5,2.8,675.75
CAT 777F,84.8,High Grade,7.8,10.3,1,2.9,84.8
CAT 777E,84.8,High Grade,16.3,1.8,2,2.9,169.6
CAT 785C,135.15,Waste,15.2,2.9,4,2.9,540.6
CAT 777E,84.8,Low Grade,12.5,5.6,4,2.9,339.2
CAT 777E,84.8,Waste,14.3,3.8,1,3,84.8
CAT 777E,84.8,Waste,13.9,4.2,4,3,339.2
CAT 785C,135.15,Waste,12.2,5.9,4,3.1,540.6
CAT 777F,84.8,Waste,14.6,3.5,10,3.1,848
CAT 777E,84.8,Waste,13.3,4.8,22,3.4,1865.6
CAT 777E,84.8,Waste,13.1,5,14,3.6,1187.2
CAT 785C,135.15,Waste,12,6.1,2,3.8,270.3
CAT 777E,84.8,Waste,12.3,5.8,23,3.8,1950.4
CAT 777F,84.8,Waste,13.5,4.6,14,3.9,1187.2
CAT 785C,135.15,Waste,10.8,7.3,3,4,405.45
CAT 785C,135.15,Waste,15.4,2.7,1,4.1,135.15
CAT 785C,135.15,Waste,12.3,5.8,1,4.2,135.15
CAT 777E,84.8,Waste,14.5,3.6,2,4.5,169.6
CAT 777E,84.8,Waste,5.8,12.3,2,5,169.6
CAT 785C,135.15,Waste,15.6,2.5,1,7.5,135.15
CAT 777F,84.8,Low Grade,13.4,4.8,1,0.9,84.8
CAT 777E,84.8,Waste,13.3,4.9,2,3,169.6
CAT 777F,84.8,High Grade,13.4,4.8,2,1.4,169.6
CAT 777F,84.8,High Grade,12,6.2,3,1.4,254.4
CAT 785C,135.15,High Grade,11.6,6.6,4,1.6,540.6
CAT 777F,84.8,High Grade,12.9,5.3,7,1.6,593.6
CAT 777E,84.8,Low Grade,11.9,6.3,8,1.6,678.4
CAT 777F,84.8,Waste,15.1,3.1,16,1.6,1356.8
CAT 777E,84.8,High Grade,11,7.2,2,1.7,169.6
CAT 777F,84.8,Low Grade,10.6,7.6,4,1.7,339.2
CAT 785C,135.15,Waste,12.6,5.6,23,1.8,3108.45
CAT 777E,84.8,High Grade,14.4,3.8,4,1.9,339.2
CAT 777F,84.8,Low Grade,14.6,3.6,14,1.9,1187.2
CAT 777F,84.8,Waste,13.3,4.9,17,1.9,1441.6
CAT 777F,84.8,High Grade,11.7,6.5,2,2,169.6
CAT 777F,84.8,Waste,11.6,6.6,6,2,508.8
CAT 785C,135.15,High Grade,9.5,8.7,6,2,810.9
CAT 777E,84.8,Waste,12.3,5.9,9,2,763.2
CAT 777E,84.8,Low Grade,12.9,5.3,3,2.1,254.4
CAT 785C,135.15,Waste,13.7,4.5,14,2.1,1892.1
CAT 777E,84.8,Waste,15.5,2.7,2,2.2,169.6
CAT 777F,84.8,High Grade,15.4,2.8,2,2.2,169.6
CAT 777F,84.8,Low Grade,12.2,6,5,2.2,424
CAT 785C,135.15,Waste,13.4,4.8,6,2.2,810.9
CAT 777F,84.8,Waste,14.1,4.1,16,2.3,1356.8
CAT 785C,135.15,Low Grade,12.4,5.8,4,2.4,540.6
CAT 777E,84.8,High Grade,11.3,6.9,3,2.5,254.4
CAT 785C,135.15,Waste,12,6.2,14,2.5,1892.1
CAT 777E,84.8,High Grade,13.3,4.9,3,2.7,254.4
CAT 785C,135.15,Waste,16.9,1.3,15,2.7,2027.25
CAT 777E,84.8,Waste,12.3,5.9,1,2.8,84.8
CAT 777F,84.8,Waste,15.1,3.1,16,2.8,1356.8
CAT 777F,84.8,High Grade,11.9,6.3,1,2.9,84.8
CAT 777F,84.8,Waste,11.9,6.3,23,3,1950.4
CAT 777F,84.8,Waste,13.3,4.9,12,3.1,1017.6
CAT 777F,84.8,Waste,11.1,7.1,4,3.2,339.2
KOMATSU HD785,84.8,Waste,12.3,5.9,12,3.2,1017.6
